part_num	element_pos	onset_time	duration	is_chord	pitch	midi	hand	pitch_diff	time_diff	finger_number
0	0	0.0	0.25	False	E5	76	right	(0.0, 0.0)	0	3
0	1	0.25	0.25	False	D#5	75	right	(-1.0, 1.0)	0.25	2
0	2	0.5	0.25	False	E5	76	right	(1.0, -1.0)	0.25	3
0	3	0.75	0.25	False	D#5	75	right	(-1.0, 1.0)	0.25	2
0	4	1.0	0.25	False	E5	76	right	(1.0, -1.0)	0.25	3
0	5	1.25	0.25	False	B4	71	right	(-3.0, 0.0)	0.25	1
0	6	1.5	0.25	False	D5	74	right	(2.0, 0.0)	0.25	3
0	7	1.75	0.25	False	C5	72	right	(-1.0, 0.0)	0.25	2
0	8	2.0	0.5	False	A4	69	right	(-2.0, 0.0)	0.25	1
0	10	2.75	0.25	False	C4	60	right	(-5.0, 0.0)	0.75	1
0	11	3.0	0.25	False	E4	64	right	(2.0, 0.0)	0.25	2
0	12	3.25	0.25	False	A4	69	right	(3.0, 0.0)	0.25	4
0	13	3.5	0.5	False	B4	71	right	(1.0, 0.0)	0.25	5
0	15	4.25	0.25	False	E4	64	right	(-4.0, 0.0)	0.75	1
0	16	4.5	0.25	False	G#4	68	right	(2.0, 1.0)	0.25	2
0	17	4.75	0.25	False	B4	71	right	(2.0, -1.0)	0.25	3
0	18	5.0	0.5	False	C5	72	right	(1.0, 0.0)	0.25	4
0	20	5.75	0.25	False	E4	64	right	(-5.0, 0.0)	0.75	1
0	21	6.0	0.25	False	E5	76	right	(7.0, 0.0)	0.25	5
0	22	6.25	0.25	False	D#5	75	right	(-1.0, 1.0)	0.25	4
0	23	6.5	0.25	False	E5	76	right	(1.0, -1.0)	0.25	5
0	24	6.75	0.25	False	D#5	75	right	(-1.0, 1.0)	0.25	4
0	25	7.0	0.25	False	E5	76	right	(1.0, -1.0)	0.25	5
0	26	7.25	0.25	False	B4	71	right	(-3.0, 0.0)	0.25	2
0	27	7.5	0.25	False	D5	74	right	(2.0, 0.0)	0.25	4
0	28	7.75	0.25	False	C5	72	right	(-1.0, 0.0)	0.25	3
0	29	8.0	0.5	False	A4	69	right	(-2.0, 0.0)	0.25	1
0	31	8.75	0.25	False	C4	60	right	(-5.0, 0.0)	0.75	1
0	32	9.0	0.25	False	E4	64	right	(2.0, 0.0)	0.25	2
0	33	9.25	0.25	False	A4	69	right	(3.0, 0.0)	0.25	4
0	34	9.5	0.5	False	B4	71	right	(1.0, 0.0)	0.25	5
0	36	10.25	0.25	False	D4	62	right	(-5.0, 0.0)	0.75	1
0	37	10.5	0.25	False	C5	72	right	(6.0, 0.0)	0.25	4
0	38	10.75	0.25	False	B4	71	right	(-1.0, 0.0)	0.25	3
0	39	11.0	1.0	False	A4	69	right	(-1.0, 0.0)	0.25	2
0	40	12.0	0.5	False	A4	69	right	(0.0, 0.0)	1.0	1
0	42	12.75	0.25	False	B4	71	right	(1.0, 0.0)	0.75	2
0	43	13.0	0.25	False	C5	72	right	(1.0, 0.0)	0.25	3
0	44	13.25	0.25	False	D5	74	right	(1.0, 0.0)	0.25	4
0	45	13.5	0.75	False	E5	76	right	(1.0, 0.0)	0.25	5
0	46	14.25	0.25	False	G4	67	right	(-5.0, 0.0)	0.75	1
0	47	14.5	0.25	False	F5	77	right	(6.0, 0.0)	0.25	5
0	48	14.75	0.25	False	E5	76	right	(-1.0, 0.0)	0.25	4
0	49	15.0	0.75	False	D5	74	right	(-1.0, 0.0)	0.25	3
0	50	15.75	0.25	False	F4	65	right	(-5.0, 0.0)	0.75	1
0	51	16.0	0.25	False	E5	76	right	(6.0, 0.0)	0.25	5
0	52	16.25	0.25	False	D5	74	right	(-1.0, 0.0)	0.25	4
0	53	16.5	0.75	False	C5	72	right	(-1.0, 0.0)	0.25	3
0	54	17.25	0.25	False	E4	64	right	(-5.0, 0.0)	0.75	1
0	55	17.5	0.25	False	D5	74	right	(6.0, 0.0)	0.25	5
0	56	17.75	0.25	False	C5	72	right	(-1.0, 0.0)	0.25	4
0	57	18.0	0.5	False	B4	71	right	(-1.0, 0.0)	0.25	3
0	59	18.75	0.25	False	E4	64	right	(-4.0, 0.0)	0.75	1
0	60	19.0	0.25	False	E5	76	right	(7.0, 0.0)	0.25	5
0	63	19.75	0.25	False	E5	76	right	(0.0, 0.0)	0.75	1
0	64	20.0	0.25	False	E6	88	right	(7.0, 0.0)	0.25	5
0	67	20.75	0.25	False	D#5	75	right	(-8.0, 1.0)	0.75	2
0	68	21.0	0.5	False	E5	76	right	(1.0, -1.0)	0.25	3
0	70	21.75	0.25	False	D#5	75	right	(-1.0, 1.0)	0.75	2
0	71	22.0	0.25	False	E5	76	right	(1.0, -1.0)	0.25	3
0	72	22.25	0.25	False	D#5	75	right	(-1.0, 1.0)	0.25	2
0	73	22.5	0.25	False	E5	76	right	(1.0, -1.0)	0.25	3
0	74	22.75	0.25	False	D#5	75	right	(-1.0, 1.0)	0.25	2
0	75	23.0	0.25	False	E5	76	right	(1.0, -1.0)	0.25	3
0	76	23.25	0.25	False	B4	71	right	(-3.0, 0.0)	0.25	1
0	77	23.5	0.25	False	D5	74	right	(2.0, 0.0)	0.25	3
0	78	23.75	0.25	False	C5	72	right	(-1.0, 0.0)	0.25	2
0	79	24.0	0.5	False	A4	69	right	(-2.0, 0.0)	0.25	1
0	81	24.75	0.25	False	C4	60	right	(-5.0, 0.0)	0.75	1
0	82	25.0	0.25	False	E4	64	right	(2.0, 0.0)	0.25	2
0	83	25.25	0.25	False	A4	69	right	(3.0, 0.0)	0.25	4
0	84	25.5	0.5	False	B4	71	right	(1.0, 0.0)	0.25	5
0	86	26.25	0.25	False	E4	64	right	(-4.0, 0.0)	0.75	1
0	87	26.5	0.25	False	G#4	68	right	(2.0, 1.0)	0.25	2
0	88	26.75	0.25	False	B4	71	right	(2.0, -1.0)	0.25	3
0	89	27.0	0.5	False	C5	72	right	(1.0, 0.0)	0.25	4
0	91	27.75	0.25	False	E4	64	right	(-5.0, 0.0)	0.75	1
0	92	28.0	0.25	False	E5	76	right	(7.0, 0.0)	0.25	5
0	93	28.25	0.25	False	D#5	75	right	(-1.0, 1.0)	0.25	4
0	94	28.5	0.25	False	E5	76	right	(1.0, -1.0)	0.25	5
0	95	28.75	0.25	False	D#5	75	right	(-1.0, 1.0)	0.25	4
0	96	29.0	0.25	False	E5	76	right	(1.0, -1.0)	0.25	5
0	97	29.25	0.25	False	B4	71	right	(-3.0, 0.0)	0.25	2
0	98	29.5	0.25	False	D5	74	right	(2.0, 0.0)	0.25	4
0	99	29.75	0.25	False	C5	72	right	(-1.0, 0.0)	0.25	3
0	100	30.0	0.5	False	A4	69	right	(-2.0, 0.0)	0.25	1
0	102	30.75	0.25	False	C4	60	right	(-5.0, 0.0)	0.75	1
0	103	31.0	0.25	False	E4	64	right	(2.0, 0.0)	0.25	2
0	104	31.25	0.25	False	A4	69	right	(3.0, 0.0)	0.25	4
0	105	31.5	0.5	False	B4	71	right	(1.0, 0.0)	0.25	5
0	107	32.25	0.25	False	D4	62	right	(-5.0, 0.0)	0.75	1
0	108	32.5	0.25	False	C5	72	right	(6.0, 0.0)	0.25	4
0	109	32.75	0.25	False	B4	71	right	(-1.0, 0.0)	0.25	3
0	110	33.0	0.5	False	A4	69	right	(-1.0, 0.0)	0.25	2
0	112	33.75	0.25	False	B4	71	right	(1.0, 0.0)	0.75	3
0	113	34.0	0.25	False	C5	72	right	(1.0, 0.0)	0.25	4
0	114	34.25	0.25	False	D5	74	right	(1.0, 0.0)	0.25	5
0	115	34.5	0.5	False	A4	69	right	(-3.0, 0.0)	0.25	2
0	117	35.25	0.25	True	E4	64	right	(-3.0, 0.0)	0.75	1
0	117	35.25	0.25	True	C5	72	right	(5.0, 0.0)	0.0	5
0	118	35.5	0.25	True	F4	65	right	(-4.0, 0.0)	0.25	2
0	118	35.5	0.25	True	C5	72	right	(4.0, 0.0)	0.0	5
0	119	35.75	0.25	True	E4	64	right	(-5.0, 0.0)	0.25	1
0	119	35.75	0.25	True	G4	67	right	(2.0, 0.0)	0.0	2
0	119	35.75	0.25	True	C5	72	right	(3.0, 0.0)	0.0	3
0	120	36.0	1.0	False	C5	72	right	(0.0, 0.0)	0.25	2
0	121	37.0	0.375	False	F5	77	right	(3.0, 0.0)	1.0	4
0	122	37.375	0.125	False	E5	76	right	(-1.0, 0.0)	0.375	3
0	123	37.5	0.5	False	E5	76	right	(0.0, 0.0)	0.125	2
0	124	38.0	0.5	False	D5	74	right	(-1.0, 0.0)	0.5	1
0	125	38.5	0.375	False	B-5	82	right	(4.0, 1.0)	0.5	4
0	126	38.875	0.125	False	A5	81	right	(0.0, -1.0)	0.375	3
0	127	39.0	0.25	False	A5	81	right	(0.0, 0.0)	0.125	3
0	128	39.25	0.25	False	G5	79	right	(-1.0, 0.0)	0.25	2
0	129	39.5	0.25	False	F5	77	right	(-1.0, 0.0)	0.25	1
0	130	39.75	0.25	False	E5	76	right	(-1.0, 0.0)	0.25	3
0	131	40.0	0.25	False	D5	74	right	(-1.0, 0.0)	0.25	2
0	132	40.25	0.25	False	C5	72	right	(-1.0, 0.0)	0.25	1
0	133	40.5	0.5	False	B-4	70	right	(-2.0, 1.0)	0.25	3
0	134	41.0	0.5	False	A4	69	right	(0.0, -1.0)	0.5	2
0	135	41.5	0.125	False	A4	69	right	(0.0, 0.0)	0.5	2
0	136	41.625	0.125	False	G4	67	right	(-1.0, 0.0)	0.125	1
0	137	41.75	0.125	False	A4	69	right	(1.0, 0.0)	0.125	2
0	138	41.875	0.125	False	B-4	70	right	(0.0, 1.0)	0.125	3
0	139	42.0	1.0	False	C5	72	right	(2.0, -1.0)	0.125	1
0	140	43.0	0.25	False	D5	74	right	(1.0, 0.0)	1.0	2
0	141	43.25	0.25	False	D#5	75	right	(0.0, 1.0)	0.25	3
0	142	43.5	0.75	False	E5	76	right	(1.0, -1.0)	0.25	4
0	143	44.25	0.25	False	E5	76	right	(0.0, 0.0)	0.75	4
0	144	44.5	0.25	False	F5	77	right	(1.0, 0.0)	0.25	5
0	145	44.75	0.25	False	A4	69	right	(-5.0, 0.0)	0.25	1
0	146	45.0	1.0	False	C5	72	right	(2.0, 0.0)	0.25	2
0	147	46.0	0.375	False	D5	74	right	(1.0, 0.0)	1.0	3
0	148	46.375	0.125	False	B4	71	right	(-2.0, 0.0)	0.375	1
0	149	46.5	0.125	False	C5	72	right	(1.0, 0.0)	0.125	2
0	150	46.625	0.125	False	G5	79	right	(4.0, 0.0)	0.125	5
0	151	46.75	0.125	False	G4	67	right	(-7.0, 0.0)	0.125	1
0	152	46.875	0.125	False	G5	79	right	(7.0, 0.0)	0.125	5
0	153	47.0	0.125	False	A4	69	right	(-6.0, 0.0)	0.125	1
0	154	47.125	0.125	False	G5	79	right	(6.0, 0.0)	0.125	5
0	155	47.25	0.125	False	B4	71	right	(-5.0, 0.0)	0.125	1
0	156	47.375	0.125	False	G5	79	right	(5.0, 0.0)	0.125	5
0	157	47.5	0.125	False	C5	72	right	(-4.0, 0.0)	0.125	1
0	158	47.625	0.125	False	G5	79	right	(4.0, 0.0)	0.125	3
0	159	47.75	0.125	False	D5	74	right	(-3.0, 0.0)	0.125	1
0	160	47.875	0.125	False	G5	79	right	(3.0, 0.0)	0.125	2
0	161	48.0	0.125	False	E5	76	right	(-2.0, 0.0)	0.125	1
0	162	48.125	0.125	False	G5	79	right	(2.0, 0.0)	0.125	2
0	163	48.25	0.125	False	C6	84	right	(3.0, 0.0)	0.125	5
0	164	48.375	0.125	False	B5	83	right	(-1.0, 0.0)	0.125	4
0	165	48.5	0.125	False	A5	81	right	(-1.0, 0.0)	0.125	3
0	166	48.625	0.125	False	G5	79	right	(-1.0, 0.0)	0.125	2
0	167	48.75	0.125	False	F5	77	right	(-1.0, 0.0)	0.125	1
0	168	48.875	0.125	False	E5	76	right	(-1.0, 0.0)	0.125	3
0	169	49.0	0.125	False	D5	74	right	(-1.0, 0.0)	0.125	2
0	170	49.125	0.125	False	G5	79	right	(3.0, 0.0)	0.125	4
0	171	49.25	0.125	False	F5	77	right	(-1.0, 0.0)	0.125	3
0	172	49.375	0.125	False	D5	74	right	(-2.0, 0.0)	0.125	2
0	173	49.5	0.125	False	C5	72	right	(-1.0, 0.0)	0.125	1
0	174	49.625	0.125	False	G5	79	right	(4.0, 0.0)	0.125	5
0	175	49.75	0.125	False	G4	67	right	(-7.0, 0.0)	0.125	1
0	176	49.875	0.125	False	G5	79	right	(7.0, 0.0)	0.125	5
0	177	50.0	0.125	False	A4	69	right	(-6.0, 0.0)	0.125	1
0	178	50.125	0.125	False	G5	79	right	(6.0, 0.0)	0.125	5
0	179	50.25	0.125	False	B4	71	right	(-5.0, 0.0)	0.125	1
0	180	50.375	0.125	False	G5	79	right	(5.0, 0.0)	0.125	5
0	181	50.5	0.125	False	C5	72	right	(-4.0, 0.0)	0.125	1
0	182	50.625	0.125	False	G5	79	right	(4.0, 0.0)	0.125	3
0	183	50.75	0.125	False	D5	74	right	(-3.0, 0.0)	0.125	1
0	184	50.875	0.125	False	G5	79	right	(3.0, 0.0)	0.125	2
0	185	51.0	0.125	False	E5	76	right	(-2.0, 0.0)	0.125	1
0	186	51.125	0.125	False	G5	79	right	(2.0, 0.0)	0.125	2
0	187	51.25	0.125	False	C6	84	right	(3.0, 0.0)	0.125	5
0	188	51.375	0.125	False	B5	83	right	(-1.0, 0.0)	0.125	4
0	189	51.5	0.125	False	A5	81	right	(-1.0, 0.0)	0.125	3
0	190	51.625	0.125	False	G5	79	right	(-1.0, 0.0)	0.125	2
0	191	51.75	0.125	False	F5	77	right	(-1.0, 0.0)	0.125	1
0	192	51.875	0.125	False	E5	76	right	(-1.0, 0.0)	0.125	3
0	193	52.0	0.125	False	D5	74	right	(-1.0, 0.0)	0.125	2
0	194	52.125	0.125	False	G5	79	right	(3.0, 0.0)	0.125	4
0	195	52.25	0.125	False	F5	77	right	(-1.0, 0.0)	0.125	3
0	196	52.375	0.125	False	D5	74	right	(-2.0, 0.0)	0.125	2
0	197	52.5	0.125	False	E5	76	right	(1.0, 0.0)	0.125	3
0	198	52.625	0.125	False	F5	77	right	(1.0, 0.0)	0.125	4
0	199	52.75	0.125	False	E5	76	right	(-1.0, 0.0)	0.125	3
0	200	52.875	0.125	False	D#5	75	right	(-1.0, 1.0)	0.125	2
0	201	53.0	0.125	False	E5	76	right	(1.0, -1.0)	0.125	3
0	202	53.125	0.125	False	B4	71	right	(-3.0, 0.0)	0.125	1
0	203	53.25	0.125	False	E5	76	right	(3.0, 0.0)	0.125	3
0	204	53.375	0.125	False	D#5	75	right	(-1.0, 1.0)	0.125	2
0	205	53.5	0.125	False	E5	76	right	(1.0, -1.0)	0.125	3
0	206	53.625	0.125	False	B4	71	right	(-3.0, 0.0)	0.125	1
0	207	53.75	0.125	False	E5	76	right	(3.0, 0.0)	0.125	3
0	208	53.875	0.125	False	D#5	75	right	(-1.0, 1.0)	0.125	2
0	209	54.0	0.75	False	E5	76	right	(1.0, -1.0)	0.125	3
0	210	54.75	0.25	False	B4	71	right	(-3.0, 0.0)	0.75	1
0	211	55.0	0.25	False	E5	76	right	(3.0, 0.0)	0.25	3
0	212	55.25	0.25	False	D#5	75	right	(-1.0, 1.0)	0.25	2
0	213	55.5	0.75	False	E5	76	right	(1.0, -1.0)	0.25	3
0	214	56.25	0.25	False	B4	71	right	(-3.0, 0.0)	0.75	1
0	215	56.5	0.25	False	E5	76	right	(3.0, 0.0)	0.25	3
0	216	56.75	0.25	False	D#5	75	right	(-1.0, 1.0)	0.25	2
0	217	57.0	0.25	False	E5	76	right	(1.0, -1.0)	0.25	3
0	218	57.25	0.25	False	D#5	75	right	(-1.0, 1.0)	0.25	2
0	219	57.5	0.25	False	E5	76	right	(1.0, -1.0)	0.25	3
0	220	57.75	0.25	False	D#5	75	right	(-1.0, 1.0)	0.25	2
0	221	58.0	0.25	False	E5	76	right	(1.0, -1.0)	0.25	3
0	222	58.25	0.25	False	D#5	75	right	(-1.0, 1.0)	0.25	2
0	223	58.5	0.25	False	E5	76	right	(1.0, -1.0)	0.25	3
0	224	58.75	0.25	False	D#5	75	right	(-1.0, 1.0)	0.25	2
0	225	59.0	0.25	False	E5	76	right	(1.0, -1.0)	0.25	3
0	226	59.25	0.25	False	B4	71	right	(-3.0, 0.0)	0.25	1
0	227	59.5	0.25	False	D5	74	right	(2.0, 0.0)	0.25	3
0	228	59.75	0.25	False	C5	72	right	(-1.0, 0.0)	0.25	2
0	229	60.0	0.5	False	A4	69	right	(-2.0, 0.0)	0.25	1
0	231	60.75	0.25	False	C4	60	right	(-5.0, 0.0)	0.75	1
0	232	61.0	0.25	False	E4	64	right	(2.0, 0.0)	0.25	2
0	233	61.25	0.25	False	A4	69	right	(3.0, 0.0)	0.25	4
0	234	61.5	0.5	False	B4	71	right	(1.0, 0.0)	0.25	5
0	236	62.25	0.25	False	E4	64	right	(-4.0, 0.0)	0.75	1
0	237	62.5	0.25	False	G#4	68	right	(2.0, 1.0)	0.25	2
0	238	62.75	0.25	False	B4	71	right	(2.0, -1.0)	0.25	3
0	239	63.0	0.5	False	C5	72	right	(1.0, 0.0)	0.25	4
0	241	63.75	0.25	False	E4	64	right	(-5.0, 0.0)	0.75	1
0	242	64.0	0.25	False	E5	76	right	(7.0, 0.0)	0.25	5
0	243	64.25	0.25	False	D#5	75	right	(-1.0, 1.0)	0.25	4
0	244	64.5	0.25	False	E5	76	right	(1.0, -1.0)	0.25	5
0	245	64.75	0.25	False	D#5	75	right	(-1.0, 1.0)	0.25	4
0	246	65.0	0.25	False	E5	76	right	(1.0, -1.0)	0.25	5
0	247	65.25	0.25	False	B4	71	right	(-3.0, 0.0)	0.25	2
0	248	65.5	0.25	False	D5	74	right	(2.0, 0.0)	0.25	4
0	249	65.75	0.25	False	C5	72	right	(-1.0, 0.0)	0.25	3
0	250	66.0	0.5	False	A4	69	right	(-2.0, 0.0)	0.25	1
0	252	66.75	0.25	False	C4	60	right	(-5.0, 0.0)	0.75	1
0	253	67.0	0.25	False	E4	64	right	(2.0, 0.0)	0.25	2
0	254	67.25	0.25	False	A4	69	right	(3.0, 0.0)	0.25	4
0	255	67.5	0.5	False	B4	71	right	(1.0, 0.0)	0.25	5
0	257	68.25	0.25	False	D4	62	right	(-5.0, 0.0)	0.75	1
0	258	68.5	0.25	False	C5	72	right	(6.0, 0.0)	0.25	3
0	259	68.75	0.25	False	B4	71	right	(-1.0, 0.0)	0.25	2
0	260	69.0	0.5	False	A4	69	right	(-1.0, 0.0)	0.25	1
0	262	69.75	0.25	False	B4	71	right	(1.0, 0.0)	0.75	2
0	263	70.0	0.25	False	C5	72	right	(1.0, 0.0)	0.25	3
0	264	70.25	0.25	False	D5	74	right	(1.0, 0.0)	0.25	4
0	265	70.5	0.75	False	E5	76	right	(1.0, 0.0)	0.25	5
0	266	71.25	0.25	False	G4	67	right	(-5.0, 0.0)	0.75	1
0	267	71.5	0.25	False	F5	77	right	(6.0, 0.0)	0.25	5
0	268	71.75	0.25	False	E5	76	right	(-1.0, 0.0)	0.25	4
0	269	72.0	0.75	False	D5	74	right	(-1.0, 0.0)	0.25	3
0	270	72.75	0.25	False	F4	65	right	(-5.0, 0.0)	0.75	1
0	271	73.0	0.25	False	E5	76	right	(6.0, 0.0)	0.25	5
0	272	73.25	0.25	False	D5	74	right	(-1.0, 0.0)	0.25	4
0	273	73.5	0.75	False	C5	72	right	(-1.0, 0.0)	0.25	3
0	274	74.25	0.25	False	E4	64	right	(-5.0, 0.0)	0.75	1
0	275	74.5	0.25	False	D5	74	right	(6.0, 0.0)	0.25	5
0	276	74.75	0.25	False	C5	72	right	(-1.0, 0.0)	0.25	4
0	277	75.0	0.5	False	B4	71	right	(-1.0, 0.0)	0.25	3
0	279	75.75	0.25	False	E4	64	right	(-4.0, 0.0)	0.75	1
0	280	76.0	0.25	False	E5	76	right	(7.0, 0.0)	0.25	5
0	283	76.75	0.25	False	E5	76	right	(0.0, 0.0)	0.75	1
0	284	77.0	0.25	False	E6	88	right	(7.0, 0.0)	0.25	5
0	287	77.75	0.25	False	D#5	75	right	(-8.0, 1.0)	0.75	2
0	288	78.0	0.5	False	E5	76	right	(1.0, -1.0)	0.25	3
0	290	78.75	0.25	False	D#5	75	right	(-1.0, 1.0)	0.75	2
0	291	79.0	0.25	False	E5	76	right	(1.0, -1.0)	0.25	3
0	292	79.25	0.25	False	D#5	75	right	(-1.0, 1.0)	0.25	2
0	293	79.5	0.25	False	E5	76	right	(1.0, -1.0)	0.25	3
0	294	79.75	0.25	False	D#5	75	right	(-1.0, 1.0)	0.25	2
0	295	80.0	0.25	False	E5	76	right	(1.0, -1.0)	0.25	3
0	296	80.25	0.25	False	B4	71	right	(-3.0, 0.0)	0.25	1
0	297	80.5	0.25	False	D5	74	right	(2.0, 0.0)	0.25	3
0	298	80.75	0.25	False	C5	72	right	(-1.0, 0.0)	0.25	2
0	299	81.0	0.5	False	A4	69	right	(-2.0, 0.0)	0.25	1
0	301	81.75	0.25	False	C4	60	right	(-5.0, 0.0)	0.75	1
0	302	82.0	0.25	False	E4	64	right	(2.0, 0.0)	0.25	2
0	303	82.25	0.25	False	A4	69	right	(3.0, 0.0)	0.25	4
0	304	82.5	0.5	False	B4	71	right	(1.0, 0.0)	0.25	5
0	306	83.25	0.25	False	E4	64	right	(-4.0, 0.0)	0.75	1
0	307	83.5	0.25	False	G#4	68	right	(2.0, 1.0)	0.25	2
0	308	83.75	0.25	False	B4	71	right	(2.0, -1.0)	0.25	3
0	309	84.0	0.5	False	C5	72	right	(1.0, 0.0)	0.25	4
0	311	84.75	0.25	False	E4	64	right	(-5.0, 0.0)	0.75	1
0	312	85.0	0.25	False	E5	76	right	(7.0, 0.0)	0.25	5
0	313	85.25	0.25	False	D#5	75	right	(-1.0, 1.0)	0.25	4
0	314	85.5	0.25	False	E5	76	right	(1.0, -1.0)	0.25	5
0	315	85.75	0.25	False	D#5	75	right	(-1.0, 1.0)	0.25	4
0	316	86.0	0.25	False	E5	76	right	(1.0, -1.0)	0.25	5
0	317	86.25	0.25	False	B4	71	right	(-3.0, 0.0)	0.25	2
0	318	86.5	0.25	False	D5	74	right	(2.0, 0.0)	0.25	4
0	319	86.75	0.25	False	C5	72	right	(-1.0, 0.0)	0.25	3
0	320	87.0	0.5	False	A4	69	right	(-2.0, 0.0)	0.25	1
0	322	87.75	0.25	False	C4	60	right	(-5.0, 0.0)	0.75	1
0	323	88.0	0.25	False	E4	64	right	(2.0, 0.0)	0.25	2
0	324	88.25	0.25	False	A4	69	right	(3.0, 0.0)	0.25	4
0	325	88.5	0.5	False	B4	71	right	(1.0, 0.0)	0.25	5
0	327	89.25	0.25	False	D4	62	right	(-5.0, 0.0)	0.75	1
0	328	89.5	0.25	False	C5	72	right	(6.0, 0.0)	0.25	5
0	329	89.75	0.25	False	B4	71	right	(-1.0, 0.0)	0.25	4
0	330	90.0	0.5	False	A4	69	right	(-1.0, 0.0)	0.25	3
0	333	91.5	1.5	True	E4	64	right	(-3.0, 0.0)	1.5	1
0	333	91.5	1.5	True	G4	67	right	(2.0, 0.0)	0.0	2
0	333	91.5	1.5	True	B-4	70	right	(1.0, 1.0)	0.0	3
0	333	91.5	1.5	True	C#5	73	right	(2.0, 0.0)	0.0	5
0	334	93.0	1.0	True	F4	65	right	(-4.0, -1.0)	1.5	1
0	334	93.0	1.0	True	A4	69	right	(2.0, 0.0)	0.0	2
0	334	93.0	1.0	True	D5	74	right	(3.0, 0.0)	0.0	4
0	335	94.0	0.25	True	C#5	73	right	(-1.0, 1.0)	1.0	3
0	335	94.0	0.25	True	E5	76	right	(2.0, -1.0)	0.0	4
0	336	94.25	0.25	True	D5	74	right	(-1.0, 0.0)	0.25	3
0	336	94.25	0.25	True	F5	77	right	(2.0, 0.0)	0.0	5
0	337	94.5	1.0	True	G#4	68	right	(-6.0, 1.0)	0.25	1
0	337	94.5	1.0	True	D5	74	right	(4.0, -1.0)	0.0	3
0	337	94.5	1.0	True	F5	77	right	(2.0, 0.0)	0.0	5
0	338	95.5	0.5	True	G#4	68	right	(-6.0, 1.0)	1.0	1
0	338	95.5	0.5	True	D5	74	right	(4.0, -1.0)	0.0	3
0	338	95.5	0.5	True	F5	77	right	(2.0, 0.0)	0.0	5
0	339	96.0	1.5	True	A4	69	right	(-5.0, 0.0)	0.5	1
0	339	96.0	1.5	True	C5	72	right	(2.0, 0.0)	0.0	3
0	339	96.0	1.5	True	E5	76	right	(2.0, 0.0)	0.0	5
0	340	97.5	1.0	True	F4	65	right	(-6.0, 0.0)	1.5	1
0	340	97.5	1.0	True	D5	74	right	(5.0, 0.0)	0.0	5
0	341	98.5	0.25	True	E4	64	right	(-6.0, 0.0)	1.0	1
0	341	98.5	0.25	True	C5	72	right	(5.0, 0.0)	0.0	5
0	342	98.75	0.25	True	D4	62	right	(-6.0, 0.0)	0.25	1
0	342	98.75	0.25	True	B4	71	right	(5.0, 0.0)	0.0	5
0	343	99.0	1.0	True	C4	60	right	(-6.0, 0.0)	0.25	1
0	343	99.0	1.0	True	F#4	66	right	(3.0, 1.0)	0.0	3
0	343	99.0	1.0	True	A4	69	right	(2.0, -1.0)	0.0	5
0	344	100.0	0.5	True	C4	60	right	(-5.0, 0.0)	1.0	1
0	344	100.0	0.5	True	A4	69	right	(5.0, 0.0)	0.0	5
0	345	100.5	0.5	True	C4	60	right	(-5.0, 0.0)	0.5	1
0	345	100.5	0.5	True	A4	69	right	(5.0, 0.0)	0.0	5
0	346	101.0	0.5	True	E4	64	right	(-3.0, 0.0)	0.5	2
0	346	101.0	0.5	True	C5	72	right	(5.0, 0.0)	0.0	5
0	347	101.5	0.5	True	D4	62	right	(-6.0, 0.0)	0.5	1
0	347	101.5	0.5	True	B4	71	right	(5.0, 0.0)	0.0	5
0	348	102.0	1.5	True	C4	60	right	(-6.0, 0.0)	0.5	1
0	348	102.0	1.5	True	A4	69	right	(5.0, 0.0)	0.0	4
0	349	103.5	1.5	True	E4	64	right	(-3.0, 0.0)	1.5	1
0	349	103.5	1.5	True	G4	67	right	(2.0, 0.0)	0.0	2
0	349	103.5	1.5	True	B-4	70	right	(1.0, 1.0)	0.0	3
0	349	103.5	1.5	True	C#5	73	right	(2.0, 0.0)	0.0	5
0	350	105.0	1.0	True	F4	65	right	(-4.0, -1.0)	1.5	1
0	350	105.0	1.0	True	A4	69	right	(2.0, 0.0)	0.0	2
0	350	105.0	1.0	True	D5	74	right	(3.0, 0.0)	0.0	4
0	351	106.0	0.25	True	C#5	73	right	(-1.0, 1.0)	1.0	3
0	351	106.0	0.25	True	E5	76	right	(2.0, -1.0)	0.0	4
0	352	106.25	0.25	True	D5	74	right	(-1.0, 0.0)	0.25	3
0	352	106.25	0.25	True	F5	77	right	(2.0, 0.0)	0.0	5
0	353	106.5	1.0	True	D5	74	right	(-2.0, 0.0)	0.25	3
0	353	106.5	1.0	True	F5	77	right	(2.0, 0.0)	0.0	5
0	354	107.5	0.5	True	D5	74	right	(-2.0, 0.0)	1.0	3
0	354	107.5	0.5	True	F5	77	right	(2.0, 0.0)	0.0	5
0	355	108.0	1.5	True	D5	74	right	(-2.0, 0.0)	0.5	3
0	355	108.0	1.5	True	F5	77	right	(2.0, 0.0)	0.0	5
0	356	109.5	1.0	True	G4	67	right	(-6.0, 0.0)	1.5	1
0	356	109.5	1.0	True	E-5	75	right	(4.0, 1.0)	0.0	5
0	357	110.5	0.25	True	F4	65	right	(-5.0, -1.0)	1.0	1
0	357	110.5	0.25	True	D5	74	right	(5.0, 0.0)	0.0	5
0	358	110.75	0.25	True	E-4	63	right	(-7.0, 1.0)	0.25	1
0	358	110.75	0.25	True	C5	72	right	(6.0, -1.0)	0.0	5
0	359	111.0	1.0	True	D4	62	right	(-6.0, 0.0)	0.25	1
0	359	111.0	1.0	True	F4	65	right	(2.0, 0.0)	0.0	2
0	359	111.0	1.0	True	B-4	70	right	(2.0, 1.0)	0.0	4
0	360	112.0	0.5	True	D4	62	right	(-4.0, -1.0)	1.0	1
0	360	112.0	0.5	True	F4	65	right	(2.0, 0.0)	0.0	2
0	360	112.0	0.5	True	A4	69	right	(2.0, 0.0)	0.0	4
0	361	112.5	1.0	True	D4	62	right	(-4.0, 0.0)	0.5	1
0	361	112.5	1.0	True	F4	65	right	(2.0, 0.0)	0.0	2
0	361	112.5	1.0	True	G#4	68	right	(1.0, 1.0)	0.0	3
0	362	113.5	0.5	True	D4	62	right	(-3.0, -1.0)	1.0	1
0	362	113.5	0.5	True	F4	65	right	(2.0, 0.0)	0.0	2
0	362	113.5	0.5	True	G#4	68	right	(1.0, 1.0)	0.0	4
0	363	114.0	1.0	True	C4	60	right	(-4.0, -1.0)	0.5	1
0	363	114.0	1.0	True	E4	64	right	(2.0, 0.0)	0.0	2
0	363	114.0	1.0	True	A4	69	right	(3.0, 0.0)	0.0	5
0	365	115.5	0.5	True	E4	64	right	(-3.0, 0.0)	1.5	2
0	365	115.5	0.5	True	B4	71	right	(4.0, 0.0)	0.0	5
0	368	117.0	1/6	False	A3	57	right	(-8.0, 0.0)	1.5	1
0	369	703/6	1/6	False	C4	60	right	(2.0, 0.0)	0.1666666666666714	2
0	370	352/3	1/6	False	E4	64	right	(2.0, 0.0)	1/6	1
0	371	117.5	1/6	False	A4	69	right	(3.0, 0.0)	0.1666666666666714	2
0	372	353/3	1/6	False	C5	72	right	(2.0, 0.0)	0.1666666666666714	3
0	373	707/6	1/6	False	E5	76	right	(2.0, 0.0)	1/6	5
0	374	118.0	1/6	False	D5	74	right	(-1.0, 0.0)	0.1666666666666714	4
0	375	709/6	1/6	False	C5	72	right	(-1.0, 0.0)	0.1666666666666714	3
0	376	355/3	1/6	False	B4	71	right	(-1.0, 0.0)	1/6	2
0	377	118.5	1/6	False	A4	69	right	(-1.0, 0.0)	0.1666666666666714	1
0	378	356/3	1/6	False	C5	72	right	(2.0, 0.0)	0.1666666666666714	2
0	379	713/6	1/6	False	E5	76	right	(2.0, 0.0)	1/6	1
0	380	119.0	1/6	False	A5	81	right	(3.0, 0.0)	0.1666666666666714	2
0	381	715/6	1/6	False	C6	84	right	(2.0, 0.0)	0.1666666666666714	3
0	382	358/3	1/6	False	E6	88	right	(2.0, 0.0)	1/6	5
0	383	119.5	1/6	False	D6	86	right	(-1.0, 0.0)	0.1666666666666714	4
0	384	359/3	1/6	False	C6	84	right	(-1.0, 0.0)	0.1666666666666714	3
0	385	719/6	1/6	False	B5	83	right	(-1.0, 0.0)	1/6	2
0	386	120.0	1/6	False	A5	81	right	(-1.0, 0.0)	0.1666666666666714	1
0	387	721/6	1/6	False	C6	84	right	(2.0, 0.0)	0.1666666666666714	2
0	388	361/3	1/6	False	E6	88	right	(2.0, 0.0)	1/6	3
0	389	120.5	1/6	False	A6	93	right	(3.0, 0.0)	0.1666666666666714	1
0	390	362/3	1/6	False	C7	96	right	(2.0, 0.0)	0.1666666666666714	2
0	391	725/6	1/6	False	E7	100	right	(2.0, 0.0)	1/6	4
0	392	121.0	1/6	False	D7	98	right	(-1.0, 0.0)	0.1666666666666714	3
0	393	727/6	1/6	False	C7	96	right	(-1.0, 0.0)	0.1666666666666714	2
0	394	364/3	1/6	False	B6	95	right	(-1.0, 0.0)	1/6	1
0	395	121.5	1/6	False	B-6	94	right	(-1.0, 1.0)	0.1666666666666714	2
0	396	365/3	1/6	False	A6	93	right	(0.0, -1.0)	0.1666666666666714	1
0	397	731/6	1/6	False	G#6	92	right	(-1.0, 1.0)	1/6	2
0	398	122.0	1/6	False	G6	91	right	(0.0, -1.0)	0.1666666666666714	1
0	399	733/6	1/6	False	F#6	90	right	(-1.0, 1.0)	0.1666666666666714	3
0	400	367/3	1/6	False	F6	89	right	(0.0, -1.0)	1/6	2
0	401	122.5	1/6	False	E6	88	right	(-1.0, 0.0)	0.1666666666666714	1
0	402	368/3	1/6	False	D#6	87	right	(-1.0, 1.0)	0.1666666666666714	2
0	403	737/6	1/6	False	D6	86	right	(0.0, -1.0)	1/6	1
0	404	123.0	1/6	False	C#6	85	right	(-1.0, 1.0)	0.1666666666666714	3
0	405	739/6	1/6	False	C6	84	right	(0.0, -1.0)	0.1666666666666714	2
0	406	370/3	1/6	False	B5	83	right	(-1.0, 0.0)	1/6	1
0	407	123.5	1/6	False	B-5	82	right	(-1.0, 1.0)	0.1666666666666714	2
0	408	371/3	1/6	False	A5	81	right	(0.0, -1.0)	0.1666666666666714	1
0	409	743/6	1/6	False	G#5	80	right	(-1.0, 1.0)	1/6	2
0	410	124.0	1/6	False	G5	79	right	(0.0, -1.0)	0.1666666666666714	1
0	411	745/6	1/6	False	F#5	78	right	(-1.0, 1.0)	0.1666666666666714	3
0	412	373/3	1/6	False	F5	77	right	(0.0, -1.0)	1/6	2
0	413	124.5	0.25	False	E5	76	right	(-1.0, 0.0)	0.1666666666666714	1
0	414	124.75	0.25	False	D#5	75	right	(-1.0, 1.0)	0.25	2
0	415	125.0	0.25	False	E5	76	right	(1.0, -1.0)	0.25	3
0	416	125.25	0.25	False	B4	71	right	(-3.0, 0.0)	0.25	1
0	417	125.5	0.25	False	D5	74	right	(2.0, 0.0)	0.25	3
0	418	125.75	0.25	False	C5	72	right	(-1.0, 0.0)	0.25	2
0	419	126.0	0.5	False	A4	69	right	(-2.0, 0.0)	0.25	1
0	421	126.75	0.25	False	C4	60	right	(-5.0, 0.0)	0.75	1
0	422	127.0	0.25	False	E4	64	right	(2.0, 0.0)	0.25	2
0	423	127.25	0.25	False	A4	69	right	(3.0, 0.0)	0.25	4
0	424	127.5	0.5	False	B4	71	right	(1.0, 0.0)	0.25	5
0	426	128.25	0.25	False	E4	64	right	(-4.0, 0.0)	0.75	1
0	427	128.5	0.25	False	G#4	68	right	(2.0, 1.0)	0.25	2
0	428	128.75	0.25	False	B4	71	right	(2.0, -1.0)	0.25	3
0	429	129.0	0.5	False	C5	72	right	(1.0, 0.0)	0.25	4
0	431	129.75	0.25	False	E4	64	right	(-5.0, 0.0)	0.75	1
0	432	130.0	0.25	False	E5	76	right	(7.0, 0.0)	0.25	5
0	433	130.25	0.25	False	D#5	75	right	(-1.0, 1.0)	0.25	4
0	434	130.5	0.25	False	E5	76	right	(1.0, -1.0)	0.25	5
0	435	130.75	0.25	False	D#5	75	right	(-1.0, 1.0)	0.25	4
0	436	131.0	0.25	False	E5	76	right	(1.0, -1.0)	0.25	5
0	437	131.25	0.25	False	B4	71	right	(-3.0, 0.0)	0.25	2
0	438	131.5	0.25	False	D5	74	right	(2.0, 0.0)	0.25	4
0	439	131.75	0.25	False	C5	72	right	(-1.0, 0.0)	0.25	3
0	440	132.0	0.5	False	A4	69	right	(-2.0, 0.0)	0.25	1
0	442	132.75	0.25	False	C4	60	right	(-5.0, 0.0)	0.75	1
0	443	133.0	0.25	False	E4	64	right	(2.0, 0.0)	0.25	2
0	444	133.25	0.25	False	A4	69	right	(3.0, 0.0)	0.25	4
0	445	133.5	0.5	False	B4	71	right	(1.0, 0.0)	0.25	5
0	447	134.25	0.25	False	D4	62	right	(-5.0, 0.0)	0.75	1
0	448	134.5	0.25	False	C5	72	right	(6.0, 0.0)	0.25	3
0	449	134.75	0.25	False	B4	71	right	(-1.0, 0.0)	0.25	2
0	450	135.0	0.5	False	A4	69	right	(-1.0, 0.0)	0.25	1
0	452	135.75	0.25	False	B4	71	right	(1.0, 0.0)	0.75	2
0	453	136.0	0.25	False	C5	72	right	(1.0, 0.0)	0.25	3
0	454	136.25	0.25	False	D5	74	right	(1.0, 0.0)	0.25	4
0	455	136.5	0.75	False	E5	76	right	(1.0, 0.0)	0.25	5
0	456	137.25	0.25	False	G4	67	right	(-5.0, 0.0)	0.75	1
0	457	137.5	0.25	False	F5	77	right	(6.0, 0.0)	0.25	5
0	458	137.75	0.25	False	E5	76	right	(-1.0, 0.0)	0.25	4
0	459	138.0	0.75	False	D5	74	right	(-1.0, 0.0)	0.25	3
0	460	138.75	0.25	False	F4	65	right	(-5.0, 0.0)	0.75	1
0	461	139.0	0.25	False	E5	76	right	(6.0, 0.0)	0.25	5
0	462	139.25	0.25	False	D5	74	right	(-1.0, 0.0)	0.25	4
0	463	139.5	0.75	False	C5	72	right	(-1.0, 0.0)	0.25	3
0	464	140.25	0.25	False	E4	64	right	(-5.0, 0.0)	0.75	1
0	465	140.5	0.25	False	D5	74	right	(6.0, 0.0)	0.25	5
0	466	140.75	0.25	False	C5	72	right	(-1.0, 0.0)	0.25	4
0	467	141.0	0.5	False	B4	71	right	(-1.0, 0.0)	0.25	3
0	469	141.75	0.25	False	E4	64	right	(-4.0, 0.0)	0.75	1
0	470	142.0	0.25	False	E5	76	right	(7.0, 0.0)	0.25	5
0	473	142.75	0.25	False	E5	76	right	(0.0, 0.0)	0.75	1
0	474	143.0	0.25	False	E6	88	right	(7.0, 0.0)	0.25	5
0	477	143.75	0.25	False	D#5	75	right	(-8.0, 1.0)	0.75	2
0	478	144.0	0.5	False	E5	76	right	(1.0, -1.0)	0.25	3
0	480	144.75	0.25	False	D#5	75	right	(-1.0, 1.0)	0.75	2
0	481	145.0	0.25	False	E5	76	right	(1.0, -1.0)	0.25	3
0	482	145.25	0.25	False	D#5	75	right	(-1.0, 1.0)	0.25	2
0	483	145.5	0.25	False	E5	76	right	(1.0, -1.0)	0.25	3
0	484	145.75	0.25	False	D#5	75	right	(-1.0, 1.0)	0.25	2
0	485	146.0	0.25	False	E5	76	right	(1.0, -1.0)	0.25	3
0	486	146.25	0.25	False	B4	71	right	(-3.0, 0.0)	0.25	1
0	487	146.5	0.25	False	D5	74	right	(2.0, 0.0)	0.25	3
0	488	146.75	0.25	False	C5	72	right	(-1.0, 0.0)	0.25	2
0	489	147.0	0.5	False	A4	69	right	(-2.0, 0.0)	0.25	1
0	491	147.75	0.25	False	C4	60	right	(-5.0, 0.0)	0.75	1
0	492	148.0	0.25	False	E4	64	right	(2.0, 0.0)	0.25	2
0	493	148.25	0.25	False	A4	69	right	(3.0, 0.0)	0.25	4
0	494	148.5	0.5	False	B4	71	right	(1.0, 0.0)	0.25	5
0	496	149.25	0.25	False	E4	64	right	(-4.0, 0.0)	0.75	1
0	497	149.5	0.25	False	G#4	68	right	(2.0, 1.0)	0.25	2
0	498	149.75	0.25	False	B4	71	right	(2.0, -1.0)	0.25	3
0	499	150.0	0.5	False	C5	72	right	(1.0, 0.0)	0.25	4
0	501	150.75	0.25	False	E4	64	right	(-5.0, 0.0)	0.75	1
0	502	151.0	0.25	False	E5	76	right	(7.0, 0.0)	0.25	5
0	503	151.25	0.25	False	D#5	75	right	(-1.0, 1.0)	0.25	4
0	504	151.5	0.25	False	E5	76	right	(1.0, -1.0)	0.25	5
0	505	151.75	0.25	False	D#5	75	right	(-1.0, 1.0)	0.25	4
0	506	152.0	0.25	False	E5	76	right	(1.0, -1.0)	0.25	5
0	507	152.25	0.25	False	B4	71	right	(-3.0, 0.0)	0.25	2
0	508	152.5	0.25	False	D5	74	right	(2.0, 0.0)	0.25	4
0	509	152.75	0.25	False	C5	72	right	(-1.0, 0.0)	0.25	3
0	510	153.0	0.5	False	A4	69	right	(-2.0, 0.0)	0.25	1
0	512	153.75	0.25	False	C4	60	right	(-5.0, 0.0)	0.75	1
0	513	154.0	0.25	False	E4	64	right	(2.0, 0.0)	0.25	2
0	514	154.25	0.25	False	A4	69	right	(3.0, 0.0)	0.25	4
0	515	154.5	0.5	False	B4	71	right	(1.0, 0.0)	0.25	5
0	517	155.25	0.25	False	D4	62	right	(-5.0, 0.0)	0.75	1
0	518	155.5	0.25	False	C5	72	right	(6.0, 0.0)	0.25	4
0	519	155.75	0.25	False	B4	71	right	(-1.0, 0.0)	0.25	3
0	520	156.0	0.5	False	A4	69	right	(-1.0, 0.0)	0.25	2
1	2	2.0	0.25	False	A2	45	left	(-14.0, 0.0)	-154.0	-5
1	3	2.25	0.25	False	E3	52	left	(4.0, 0.0)	0.25	-2
1	4	2.5	0.25	False	A3	57	left	(3.0, 0.0)	0.25	-1
1	7	3.5	0.25	False	E2	40	left	(-10.0, 0.0)	1.0	-5
1	8	3.75	0.25	False	E3	52	left	(7.0, 0.0)	0.25	-1
1	9	4.0	0.25	False	G#3	56	left	(2.0, 1.0)	0.25	-2
1	12	5.0	0.25	False	A2	45	left	(-6.0, -1.0)	1.0	-5
1	13	5.25	0.25	False	E3	52	left	(4.0, 0.0)	0.25	-2
1	14	5.5	0.25	False	A3	57	left	(3.0, 0.0)	0.25	-1
1	18	8.0	0.25	False	A2	45	left	(-7.0, 0.0)	2.5	-5
1	19	8.25	0.25	False	E3	52	left	(4.0, 0.0)	0.25	-2
1	20	8.5	0.25	False	A3	57	left	(3.0, 0.0)	0.25	-1
1	23	9.5	0.25	False	E2	40	left	(-10.0, 0.0)	1.0	-5
1	24	9.75	0.25	False	E3	52	left	(7.0, 0.0)	0.25	-1
1	25	10.0	0.25	False	G#3	56	left	(2.0, 1.0)	0.25	-2
1	28	11.0	0.25	False	A2	45	left	(-6.0, -1.0)	1.0	-5
1	29	11.25	0.25	False	E3	52	left	(4.0, 0.0)	0.25	-2
1	30	11.5	0.25	False	A3	57	left	(3.0, 0.0)	0.25	-1
1	32	12.0	0.25	False	A2	45	left	(-7.0, 0.0)	0.5	-5
1	33	12.25	0.25	False	E3	52	left	(4.0, 0.0)	0.25	-2
1	34	12.5	0.25	False	A3	57	left	(3.0, 0.0)	0.25	-1
1	37	13.5	0.25	False	C3	48	left	(-5.0, 0.0)	1.0	-5
1	38	13.75	0.25	False	G3	55	left	(4.0, 0.0)	0.25	-2
1	39	14.0	0.25	False	C4	60	left	(3.0, 0.0)	0.25	-1
1	42	15.0	0.25	False	G2	43	left	(-10.0, 0.0)	1.0	-5
1	43	15.25	0.25	False	G3	55	left	(7.0, 0.0)	0.25	-2
1	44	15.5	0.25	False	B3	59	left	(2.0, 0.0)	0.25	-1
1	47	16.5	0.25	False	A2	45	left	(-8.0, 0.0)	1.0	-5
1	48	16.75	0.25	False	E3	52	left	(4.0, 0.0)	0.25	-2
1	49	17.0	0.25	False	A3	57	left	(3.0, 0.0)	0.25	-1
1	52	18.0	0.25	False	E2	40	left	(-10.0, 0.0)	1.0	-5
1	53	18.25	0.25	False	E3	52	left	(7.0, 0.0)	0.25	-5
1	54	18.5	0.25	False	E4	64	left	(7.0, 0.0)	0.25	-1
1	57	19.25	0.25	False	E4	64	left	(0.0, 0.0)	0.75	-5
1	58	19.5	0.25	False	E5	76	left	(7.0, 0.0)	0.25	-1
1	61	20.25	0.25	False	D#5	75	left	(-1.0, 1.0)	0.75	-2
1	62	20.5	0.25	False	E5	76	left	(1.0, -1.0)	0.25	-1
1	65	21.25	0.25	False	D#5	75	left	(-1.0, 1.0)	0.75	-2
1	66	21.5	0.25	False	E5	76	left	(1.0, -1.0)	0.25	-1
1	70	24.0	0.25	False	A2	45	left	(-15.0, 0.0)	2.5	-5
1	71	24.25	0.25	False	E3	52	left	(4.0, 0.0)	0.25	-2
1	72	24.5	0.25	False	A3	57	left	(3.0, 0.0)	0.25	-1
1	75	25.5	0.25	False	E2	40	left	(-10.0, 0.0)	1.0	-5
1	76	25.75	0.25	False	E3	52	left	(7.0, 0.0)	0.25	-1
1	77	26.0	0.25	False	G#3	56	left	(2.0, 1.0)	0.25	-2
1	80	27.0	0.25	False	A2	45	left	(-6.0, -1.0)	1.0	-5
1	81	27.25	0.25	False	E3	52	left	(4.0, 0.0)	0.25	-2
1	82	27.5	0.25	False	A3	57	left	(3.0, 0.0)	0.25	-1
1	86	30.0	0.25	False	A2	45	left	(-7.0, 0.0)	2.5	-5
1	87	30.25	0.25	False	E3	52	left	(4.0, 0.0)	0.25	-2
1	88	30.5	0.25	False	A3	57	left	(3.0, 0.0)	0.25	-1
1	91	31.5	0.25	False	E2	40	left	(-10.0, 0.0)	1.0	-5
1	92	31.75	0.25	False	E3	52	left	(7.0, 0.0)	0.25	-1
1	93	32.0	0.25	False	G#3	56	left	(2.0, 1.0)	0.25	-2
1	96	33.0	0.25	False	A2	45	left	(-6.0, -1.0)	1.0	-5
1	97	33.25	0.25	False	E3	52	left	(4.0, 0.0)	0.25	-2
1	98	33.5	0.25	False	A3	57	left	(3.0, 0.0)	0.25	-1
1	101	34.5	0.25	False	A2	45	left	(-7.0, 0.0)	1.0	-5
1	102	34.75	0.25	False	E3	52	left	(4.0, 0.0)	0.25	-2
1	103	35.0	0.25	False	A3	57	left	(3.0, 0.0)	0.25	-1
1	104	35.25	0.25	True	B-3	58	left	(0.0, 1.0)	0.25	-2
1	104	35.25	0.25	True	C4	60	left	(2.0, -1.0)	0.0	-1
1	105	35.5	0.25	True	A3	57	left	(-2.0, 0.0)	0.25	-2
1	105	35.5	0.25	True	C4	60	left	(2.0, 0.0)	0.0	-1
1	106	35.75	0.25	True	G3	55	left	(-3.0, 0.0)	0.25	-3
1	106	35.75	0.25	True	B-3	58	left	(1.0, 1.0)	0.0	-2
1	106	35.75	0.25	True	C4	60	left	(2.0, -1.0)	0.0	-1
1	107	36.0	0.25	False	F3	53	left	(-4.0, 0.0)	0.25	-5
1	108	36.25	0.25	False	A3	57	left	(2.0, 0.0)	0.25	-3
1	109	36.5	0.25	False	C4	60	left	(2.0, 0.0)	0.25	-1
1	110	36.75	0.25	False	A3	57	left	(-2.0, 0.0)	0.25	-2
1	111	37.0	0.25	False	C4	60	left	(2.0, 0.0)	0.25	-1
1	112	37.25	0.25	False	A3	57	left	(-2.0, 0.0)	0.25	-2
1	113	37.5	0.25	False	F3	53	left	(-2.0, 0.0)	0.25	-4
1	114	37.75	0.25	False	B-3	58	left	(2.0, 1.0)	0.25	-2
1	115	38.0	0.25	False	D4	62	left	(3.0, -1.0)	0.25	-1
1	116	38.25	0.25	False	B-3	58	left	(-3.0, 1.0)	0.25	-2
1	117	38.5	0.25	False	D4	62	left	(3.0, -1.0)	0.25	-1
1	118	38.75	0.25	False	B-3	58	left	(-3.0, 1.0)	0.25	-3
1	119	39.0	0.25	False	F3	53	left	(-2.0, -1.0)	0.25	-5
1	120	39.25	0.25	False	E4	64	left	(6.0, 0.0)	0.25	-1
1	121	39.5	0.25	True	F3	53	left	(-6.0, 0.0)	0.25	-5
1	121	39.5	0.25	True	G3	55	left	(1.0, 0.0)	0.0	-4
1	121	39.5	0.25	True	B-3	58	left	(1.0, 1.0)	0.0	-2
1	122	39.75	0.25	False	E4	64	left	(4.0, -1.0)	0.25	-1
1	123	40.0	0.25	True	F3	53	left	(-6.0, 0.0)	0.25	-5
1	123	40.0	0.25	True	G3	55	left	(1.0, 0.0)	0.0	-4
1	123	40.0	0.25	True	B-3	58	left	(1.0, 1.0)	0.0	-2
1	124	40.25	0.25	False	E4	64	left	(4.0, -1.0)	0.25	-1
1	125	40.5	0.25	False	F3	53	left	(-6.0, 0.0)	0.25	-5
1	126	40.75	0.25	False	A3	57	left	(2.0, 0.0)	0.25	-3
1	127	41.0	0.25	False	C4	60	left	(2.0, 0.0)	0.25	-1
1	128	41.25	0.25	False	A3	57	left	(-2.0, 0.0)	0.25	-2
1	129	41.5	0.25	False	C4	60	left	(2.0, 0.0)	0.25	-1
1	130	41.75	0.25	False	A3	57	left	(-2.0, 0.0)	0.25	-2
1	131	42.0	0.25	False	F3	53	left	(-2.0, 0.0)	0.25	-4
1	132	42.25	0.25	False	A3	57	left	(2.0, 0.0)	0.25	-2
1	133	42.5	0.25	False	C4	60	left	(2.0, 0.0)	0.25	-1
1	134	42.75	0.25	False	A3	57	left	(-2.0, 0.0)	0.25	-2
1	135	43.0	0.25	False	C4	60	left	(2.0, 0.0)	0.25	-1
1	136	43.25	0.25	False	A3	57	left	(-2.0, 0.0)	0.25	-2
1	137	43.5	0.25	False	E3	52	left	(-3.0, 0.0)	0.25	-4
1	138	43.75	0.25	False	A3	57	left	(3.0, 0.0)	0.25	-2
1	139	44.0	0.25	False	C4	60	left	(2.0, 0.0)	0.25	-1
1	140	44.25	0.25	False	A3	57	left	(-2.0, 0.0)	0.25	-2
1	141	44.5	0.25	True	D3	50	left	(-4.0, 0.0)	0.25	-5
1	141	44.5	0.25	True	D4	62	left	(7.0, 0.0)	0.0	-1
1	142	44.75	0.25	False	F3	53	left	(-5.0, 0.0)	0.25	-5
1	143	45.0	0.25	False	G3	55	left	(1.0, 0.0)	0.25	-4
1	144	45.25	0.25	False	E4	64	left	(5.0, 0.0)	0.25	-1
1	145	45.5	0.25	False	G3	55	left	(-5.0, 0.0)	0.25	-5
1	146	45.75	0.25	False	F4	65	left	(6.0, 0.0)	0.25	-1
1	147	46.0	0.25	False	G3	55	left	(-6.0, 0.0)	0.25	-5
1	148	46.25	0.25	False	F4	65	left	(6.0, 0.0)	0.25	-1
1	149	46.5	0.5	True	C4	60	left	(-3.0, 0.0)	0.25	-5
1	149	46.5	0.5	True	E4	64	left	(2.0, 0.0)	0.0	-3
1	151	47.25	0.25	True	F4	65	left	(1.0, 0.0)	0.75	-2
1	151	47.25	0.25	True	G4	67	left	(1.0, 0.0)	0.0	-1
1	152	47.5	0.25	True	E4	64	left	(-2.0, 0.0)	0.25	-2
1	152	47.5	0.25	True	G4	67	left	(2.0, 0.0)	0.0	-1
1	153	47.75	0.25	True	D4	62	left	(-3.0, 0.0)	0.25	-4
1	153	47.75	0.25	True	F4	65	left	(2.0, 0.0)	0.0	-2
1	153	47.75	0.25	True	G4	67	left	(1.0, 0.0)	0.0	-1
1	154	48.0	0.5	True	C4	60	left	(-4.0, 0.0)	0.25	-5
1	154	48.0	0.5	True	E4	64	left	(2.0, 0.0)	0.0	-3
1	154	48.0	0.5	True	G4	67	left	(2.0, 0.0)	0.0	-1
1	155	48.5	0.5	True	F3	53	left	(-8.0, 0.0)	0.5	-5
1	155	48.5	0.5	True	A3	57	left	(2.0, 0.0)	0.0	-3
1	156	49.0	0.5	True	G3	55	left	(-1.0, 0.0)	0.5	-4
1	156	49.0	0.5	True	B3	59	left	(2.0, 0.0)	0.0	-2
1	157	49.5	0.5	False	C4	60	left	(1.0, 0.0)	0.5	-1
1	159	50.25	0.25	True	F4	65	left	(3.0, 0.0)	0.75	-3
1	159	50.25	0.25	True	G4	67	left	(1.0, 0.0)	0.0	-2
1	160	50.5	0.25	True	E4	64	left	(-2.0, 0.0)	0.25	-4
1	160	50.5	0.25	True	G4	67	left	(2.0, 0.0)	0.0	-2
1	161	50.75	0.25	True	D4	62	left	(-3.0, 0.0)	0.25	-4
1	161	50.75	0.25	True	F4	65	left	(2.0, 0.0)	0.0	-2
1	161	50.75	0.25	True	G4	67	left	(1.0, 0.0)	0.0	-1
1	162	51.0	0.5	True	C4	60	left	(-4.0, 0.0)	0.25	-3
1	162	51.0	0.5	True	E4	64	left	(2.0, 0.0)	0.0	-1
1	163	51.5	0.5	True	F3	53	left	(-6.0, 0.0)	0.5	-5
1	163	51.5	0.5	True	A3	57	left	(2.0, 0.0)	0.0	-3
1	164	52.0	0.5	True	G3	55	left	(-1.0, 0.0)	0.5	-4
1	164	52.0	0.5	True	B3	59	left	(2.0, 0.0)	0.0	-2
1	165	52.5	0.5	True	G#3	56	left	(-2.0, 1.0)	0.5	-3
1	165	52.5	0.5	True	B3	59	left	(2.0, -1.0)	0.0	-1
1	172	60.0	0.25	False	A2	45	left	(-8.0, 0.0)	7.5	-5
1	173	60.25	0.25	False	E3	52	left	(4.0, 0.0)	0.25	-2
1	174	60.5	0.25	False	A3	57	left	(3.0, 0.0)	0.25	-1
1	177	61.5	0.25	False	E2	40	left	(-10.0, 0.0)	1.0	-5
1	178	61.75	0.25	False	E3	52	left	(7.0, 0.0)	0.25	-1
1	179	62.0	0.25	False	G#3	56	left	(2.0, 1.0)	0.25	-2
1	182	63.0	0.25	False	A2	45	left	(-6.0, -1.0)	1.0	-5
1	183	63.25	0.25	False	E3	52	left	(4.0, 0.0)	0.25	-2
1	184	63.5	0.25	False	A3	57	left	(3.0, 0.0)	0.25	-1
1	188	66.0	0.25	False	A2	45	left	(-7.0, 0.0)	2.5	-5
1	189	66.25	0.25	False	E3	52	left	(4.0, 0.0)	0.25	-2
1	190	66.5	0.25	False	A3	57	left	(3.0, 0.0)	0.25	-1
1	193	67.5	0.25	False	E2	40	left	(-10.0, 0.0)	1.0	-5
1	194	67.75	0.25	False	E3	52	left	(7.0, 0.0)	0.25	-1
1	195	68.0	0.25	False	G#3	56	left	(2.0, 1.0)	0.25	-2
1	198	69.0	0.25	False	A2	45	left	(-6.0, -1.0)	1.0	-5
1	199	69.25	0.25	False	E3	52	left	(4.0, 0.0)	0.25	-2
1	200	69.5	0.25	False	A3	57	left	(3.0, 0.0)	0.25	-1
1	203	70.5	0.25	False	C3	48	left	(-5.0, 0.0)	1.0	-5
1	204	70.75	0.25	False	G3	55	left	(4.0, 0.0)	0.25	-2
1	205	71.0	0.25	False	C4	60	left	(3.0, 0.0)	0.25	-1
1	208	72.0	0.25	False	G2	43	left	(-10.0, 0.0)	1.0	-5
1	209	72.25	0.25	False	G3	55	left	(7.0, 0.0)	0.25	-2
1	210	72.5	0.25	False	B3	59	left	(2.0, 0.0)	0.25	-1
1	213	73.5	0.25	False	A2	45	left	(-8.0, 0.0)	1.0	-5
1	214	73.75	0.25	False	E3	52	left	(4.0, 0.0)	0.25	-2
1	215	74.0	0.25	False	A3	57	left	(3.0, 0.0)	0.25	-1
1	218	75.0	0.25	False	E2	40	left	(-10.0, 0.0)	1.0	-5
1	219	75.25	0.25	False	E3	52	left	(7.0, 0.0)	0.25	-5
1	220	75.5	0.25	False	E4	64	left	(7.0, 0.0)	0.25	-1
1	223	76.25	0.25	False	E4	64	left	(0.0, 0.0)	0.75	-5
1	224	76.5	0.25	False	E5	76	left	(7.0, 0.0)	0.25	-1
1	227	77.25	0.25	False	D#5	75	left	(-1.0, 1.0)	0.75	-2
1	228	77.5	0.25	False	E5	76	left	(1.0, -1.0)	0.25	-1
1	231	78.25	0.25	False	D#5	75	left	(-1.0, 1.0)	0.75	-2
1	232	78.5	0.25	False	E5	76	left	(1.0, -1.0)	0.25	-1
1	236	81.0	0.25	False	A2	45	left	(-15.0, 0.0)	2.5	-5
1	237	81.25	0.25	False	E3	52	left	(4.0, 0.0)	0.25	-2
1	238	81.5	0.25	False	A3	57	left	(3.0, 0.0)	0.25	-1
1	241	82.5	0.25	False	E2	40	left	(-10.0, 0.0)	1.0	-5
1	242	82.75	0.25	False	E3	52	left	(7.0, 0.0)	0.25	-1
1	243	83.0	0.25	False	G#3	56	left	(2.0, 1.0)	0.25	-2
1	246	84.0	0.25	False	A2	45	left	(-6.0, -1.0)	1.0	-5
1	247	84.25	0.25	False	E3	52	left	(4.0, 0.0)	0.25	-2
1	248	84.5	0.25	False	A3	57	left	(3.0, 0.0)	0.25	-1
1	252	87.0	0.25	False	A2	45	left	(-7.0, 0.0)	2.5	-5
1	253	87.25	0.25	False	E3	52	left	(4.0, 0.0)	0.25	-2
1	254	87.5	0.25	False	A3	57	left	(3.0, 0.0)	0.25	-1
1	257	88.5	0.25	False	E2	40	left	(-10.0, 0.0)	1.0	-5
1	258	88.75	0.25	False	E3	52	left	(7.0, 0.0)	0.25	-1
1	259	89.0	0.25	False	G#3	56	left	(2.0, 1.0)	0.25	-3
1	262	90.0	0.25	False	A2	45	left	(-6.0, -1.0)	1.0	-1
1	263	90.25	0.25	False	A2	45	left	(0.0, 0.0)	0.25	-1
1	264	90.5	0.25	False	A2	45	left	(0.0, 0.0)	0.25	-1
1	265	90.75	0.25	False	A2	45	left	(0.0, 0.0)	0.25	-1
1	266	91.0	0.25	False	A2	45	left	(0.0, 0.0)	0.25	-1
1	267	91.25	0.25	False	A2	45	left	(0.0, 0.0)	0.25	-1
1	268	91.5	0.25	False	A2	45	left	(0.0, 0.0)	0.25	-1
1	269	91.75	0.25	False	A2	45	left	(0.0, 0.0)	0.25	-1
1	270	92.0	0.25	False	A2	45	left	(0.0, 0.0)	0.25	-1
1	271	92.25	0.25	False	A2	45	left	(0.0, 0.0)	0.25	-1
1	272	92.5	0.25	False	A2	45	left	(0.0, 0.0)	0.25	-1
1	273	92.75	0.25	False	A2	45	left	(0.0, 0.0)	0.25	-1
1	274	93.0	0.25	False	A2	45	left	(0.0, 0.0)	0.25	-1
1	275	93.25	0.25	False	A2	45	left	(0.0, 0.0)	0.25	-1
1	276	93.5	0.25	False	A2	45	left	(0.0, 0.0)	0.25	-1
1	277	93.75	0.25	False	A2	45	left	(0.0, 0.0)	0.25	-1
1	278	94.0	0.25	False	A2	45	left	(0.0, 0.0)	0.25	-1
1	279	94.25	0.25	False	A2	45	left	(0.0, 0.0)	0.25	-1
1	280	94.5	0.25	False	A2	45	left	(0.0, 0.0)	0.25	-1
1	281	94.75	0.25	False	A2	45	left	(0.0, 0.0)	0.25	-1
1	282	95.0	0.25	False	A2	45	left	(0.0, 0.0)	0.25	-1
1	283	95.25	0.25	False	A2	45	left	(0.0, 0.0)	0.25	-1
1	284	95.5	0.25	False	A2	45	left	(0.0, 0.0)	0.25	-1
1	285	95.75	0.25	False	A2	45	left	(0.0, 0.0)	0.25	-1
1	286	96.0	0.25	False	A2	45	left	(0.0, 0.0)	0.25	-1
1	287	96.25	0.25	False	A2	45	left	(0.0, 0.0)	0.25	-1
1	288	96.5	0.25	False	A2	45	left	(0.0, 0.0)	0.25	-1
1	289	96.75	0.25	False	A2	45	left	(0.0, 0.0)	0.25	-1
1	290	97.0	0.25	False	A2	45	left	(0.0, 0.0)	0.25	-1
1	291	97.25	0.25	False	A2	45	left	(0.0, 0.0)	0.25	-1
1	292	97.5	0.25	True	D2	38	left	(-4.0, 0.0)	0.25	-5
1	292	97.5	0.25	True	A2	45	left	(4.0, 0.0)	0.0	-2
1	293	97.75	0.25	True	D2	38	left	(-4.0, 0.0)	0.25	-5
1	293	97.75	0.25	True	A2	45	left	(4.0, 0.0)	0.0	-2
1	294	98.0	0.25	True	D2	38	left	(-4.0, 0.0)	0.25	-5
1	294	98.0	0.25	True	A2	45	left	(4.0, 0.0)	0.0	-2
1	295	98.25	0.25	True	D2	38	left	(-4.0, 0.0)	0.25	-5
1	295	98.25	0.25	True	A2	45	left	(4.0, 0.0)	0.0	-2
1	296	98.5	0.25	True	D2	38	left	(-4.0, 0.0)	0.25	-5
1	296	98.5	0.25	True	A2	45	left	(4.0, 0.0)	0.0	-2
1	297	98.75	0.25	True	D2	38	left	(-4.0, 0.0)	0.25	-5
1	297	98.75	0.25	True	A2	45	left	(4.0, 0.0)	0.0	-2
1	298	99.0	0.25	True	D#2	39	left	(-4.0, 1.0)	0.25	-4
1	298	99.0	0.25	True	A2	45	left	(4.0, -1.0)	0.0	-1
1	299	99.25	0.25	True	D#2	39	left	(-4.0, 1.0)	0.25	-2
1	299	99.25	0.25	True	A2	45	left	(4.0, -1.0)	0.0	-1
1	300	99.5	0.25	True	D#2	39	left	(-4.0, 1.0)	0.25	-2
1	300	99.5	0.25	True	A2	45	left	(4.0, -1.0)	0.0	-1
1	301	99.75	0.25	True	D#2	39	left	(-4.0, 1.0)	0.25	-2
1	301	99.75	0.25	True	A2	45	left	(4.0, -1.0)	0.0	-1
1	302	100.0	0.25	True	D#2	39	left	(-4.0, 1.0)	0.25	-2
1	302	100.0	0.25	True	A2	45	left	(4.0, -1.0)	0.0	-1
1	303	100.25	0.25	True	D#2	39	left	(-4.0, 1.0)	0.25	-2
1	303	100.25	0.25	True	A2	45	left	(4.0, -1.0)	0.0	-1
1	304	100.5	0.25	True	E2	40	left	(-3.0, 0.0)	0.25	-2
1	304	100.5	0.25	True	A2	45	left	(3.0, 0.0)	0.0	-1
1	305	100.75	0.25	True	E2	40	left	(-3.0, 0.0)	0.25	-2
1	305	100.75	0.25	True	A2	45	left	(3.0, 0.0)	0.0	-1
1	306	101.0	0.25	True	E2	40	left	(-3.0, 0.0)	0.25	-2
1	306	101.0	0.25	True	A2	45	left	(3.0, 0.0)	0.0	-1
1	307	101.25	0.25	True	E2	40	left	(-3.0, 0.0)	0.25	-2
1	307	101.25	0.25	True	A2	45	left	(3.0, 0.0)	0.0	-1
1	308	101.5	0.25	True	E2	40	left	(-3.0, 0.0)	0.25	-2
1	308	101.5	0.25	True	G#2	44	left	(2.0, 1.0)	0.0	-1
1	309	101.75	0.25	True	E2	40	left	(-2.0, -1.0)	0.25	-2
1	309	101.75	0.25	True	G#2	44	left	(2.0, 1.0)	0.0	-1
1	310	102.0	0.25	True	A1	33	left	(-6.0, -1.0)	0.25	-5
1	310	102.0	0.25	True	A2	45	left	(7.0, 0.0)	0.0	-1
1	311	102.25	0.25	False	A2	45	left	(0.0, 0.0)	0.25	-1
1	312	102.5	0.25	False	A2	45	left	(0.0, 0.0)	0.25	-1
1	313	102.75	0.25	False	A2	45	left	(0.0, 0.0)	0.25	-1
1	314	103.0	0.25	False	A2	45	left	(0.0, 0.0)	0.25	-1
1	315	103.25	0.25	False	A2	45	left	(0.0, 0.0)	0.25	-1
1	316	103.5	0.25	False	A2	45	left	(0.0, 0.0)	0.25	-1
1	317	103.75	0.25	False	A2	45	left	(0.0, 0.0)	0.25	-1
1	318	104.0	0.25	False	A2	45	left	(0.0, 0.0)	0.25	-1
1	319	104.25	0.25	False	A2	45	left	(0.0, 0.0)	0.25	-1
1	320	104.5	0.25	False	A2	45	left	(0.0, 0.0)	0.25	-1
1	321	104.75	0.25	False	A2	45	left	(0.0, 0.0)	0.25	-1
1	322	105.0	0.25	False	A2	45	left	(0.0, 0.0)	0.25	-1
1	323	105.25	0.25	False	A2	45	left	(0.0, 0.0)	0.25	-1
1	324	105.5	0.25	False	A2	45	left	(0.0, 0.0)	0.25	-1
1	325	105.75	0.25	False	A2	45	left	(0.0, 0.0)	0.25	-1
1	326	106.0	0.25	False	A2	45	left	(0.0, 0.0)	0.25	-1
1	327	106.25	0.25	False	A2	45	left	(0.0, 0.0)	0.25	-1
1	328	106.5	0.25	False	A2	45	left	(0.0, 0.0)	0.25	-1
1	329	106.75	0.25	False	A2	45	left	(0.0, 0.0)	0.25	-1
1	330	107.0	0.25	False	A2	45	left	(0.0, 0.0)	0.25	-1
1	331	107.25	0.25	False	A2	45	left	(0.0, 0.0)	0.25	-1
1	332	107.5	0.25	False	A2	45	left	(0.0, 0.0)	0.25	-1
1	333	107.75	0.25	False	A2	45	left	(0.0, 0.0)	0.25	-2
1	334	108.0	0.25	False	B-2	46	left	(0.0, 1.0)	0.25	-1
1	335	108.25	0.25	False	B-2	46	left	(0.0, 0.0)	0.25	-1
1	336	108.5	0.25	False	B-2	46	left	(0.0, 0.0)	0.25	-1
1	337	108.75	0.25	False	B-2	46	left	(0.0, 0.0)	0.25	-1
1	338	109.0	0.25	False	B-2	46	left	(0.0, 0.0)	0.25	-1
1	339	109.25	0.25	False	B-2	46	left	(0.0, 0.0)	0.25	-1
1	340	109.5	0.25	False	B-2	46	left	(0.0, 0.0)	0.25	-1
1	341	109.75	0.25	False	B-2	46	left	(0.0, 0.0)	0.25	-1
1	342	110.0	0.25	False	B-2	46	left	(0.0, 0.0)	0.25	-1
1	343	110.25	0.25	False	B-2	46	left	(0.0, 0.0)	0.25	-1
1	344	110.5	0.25	False	B-2	46	left	(0.0, 0.0)	0.25	-1
1	345	110.75	0.25	False	B-2	46	left	(0.0, 0.0)	0.25	-1
1	346	111.0	0.25	False	B-2	46	left	(0.0, 0.0)	0.25	-1
1	347	111.25	0.25	False	B-2	46	left	(0.0, 0.0)	0.25	-1
1	348	111.5	0.25	False	B-2	46	left	(0.0, 0.0)	0.25	-1
1	349	111.75	0.25	False	B-2	46	left	(0.0, 0.0)	0.25	-1
1	350	112.0	0.25	False	B-2	46	left	(0.0, 0.0)	0.25	-1
1	351	112.25	0.25	False	B-2	46	left	(0.0, 0.0)	0.25	-2
1	352	112.5	0.25	False	B2	47	left	(1.0, -1.0)	0.25	-1
1	353	112.75	0.25	False	B2	47	left	(0.0, 0.0)	0.25	-1
1	354	113.0	0.25	False	B2	47	left	(0.0, 0.0)	0.25	-1
1	355	113.25	0.25	False	B2	47	left	(0.0, 0.0)	0.25	-1
1	356	113.5	0.25	False	B2	47	left	(0.0, 0.0)	0.25	-1
1	357	113.75	0.25	False	B2	47	left	(0.0, 0.0)	0.25	-5
1	358	114.0	1.0	False	C3	48	left	(1.0, 0.0)	0.25	-4
1	360	115.5	0.5	True	E3	52	left	(2.0, 0.0)	1.5	-2
1	360	115.5	0.5	True	G#3	56	left	(2.0, 1.0)	0.0	-1
1	363	117.0	0.5	False	A1	33	left	(-13.0, -1.0)	1.5	-5
1	365	118.0	0.5	True	A3	57	left	(14.0, 0.0)	1.0	-4
1	365	118.0	0.5	True	C4	60	left	(2.0, 0.0)	0.0	-2
1	365	118.0	0.5	True	E4	64	left	(2.0, 0.0)	0.0	-1
1	366	118.5	0.5	True	A3	57	left	(-4.0, 0.0)	0.5	-5
1	366	118.5	0.5	True	C4	60	left	(2.0, 0.0)	0.0	-3
1	366	118.5	0.5	True	E4	64	left	(2.0, 0.0)	0.0	-1
1	368	119.5	0.5	True	A3	57	left	(-4.0, 0.0)	1.0	-5
1	368	119.5	0.5	True	C4	60	left	(2.0, 0.0)	0.0	-3
1	368	119.5	0.5	True	E4	64	left	(2.0, 0.0)	0.0	-1
1	369	120.0	0.5	True	A3	57	left	(-4.0, 0.0)	0.5	-5
1	369	120.0	0.5	True	C4	60	left	(2.0, 0.0)	0.0	-3
1	369	120.0	0.5	True	E4	64	left	(2.0, 0.0)	0.0	-1
1	371	121.0	0.5	True	A3	57	left	(-4.0, 0.0)	1.0	-5
1	371	121.0	0.5	True	C4	60	left	(2.0, 0.0)	0.0	-3
1	371	121.0	0.5	True	E4	64	left	(2.0, 0.0)	0.0	-1
1	372	121.5	0.5	True	A3	57	left	(-4.0, 0.0)	0.5	-5
1	372	121.5	0.5	True	C4	60	left	(2.0, 0.0)	0.0	-3
1	372	121.5	0.5	True	E4	64	left	(2.0, 0.0)	0.0	-1
1	377	126.0	0.25	False	A2	45	left	(-11.0, 0.0)	4.5	-5
1	378	126.25	0.25	False	E3	52	left	(4.0, 0.0)	0.25	-2
1	379	126.5	0.25	False	A3	57	left	(3.0, 0.0)	0.25	-1
1	382	127.5	0.25	False	E2	40	left	(-10.0, 0.0)	1.0	-5
1	383	127.75	0.25	False	E3	52	left	(7.0, 0.0)	0.25	-1
1	384	128.0	0.25	False	G#3	56	left	(2.0, 1.0)	0.25	-2
1	387	129.0	0.25	False	A2	45	left	(-6.0, -1.0)	1.0	-5
1	388	129.25	0.25	False	E3	52	left	(4.0, 0.0)	0.25	-2
1	389	129.5	0.25	False	A3	57	left	(3.0, 0.0)	0.25	-1
1	393	132.0	0.25	False	A2	45	left	(-7.0, 0.0)	2.5	-5
1	394	132.25	0.25	False	E3	52	left	(4.0, 0.0)	0.25	-2
1	395	132.5	0.25	False	A3	57	left	(3.0, 0.0)	0.25	-1
1	398	133.5	0.25	False	E2	40	left	(-10.0, 0.0)	1.0	-5
1	399	133.75	0.25	False	E3	52	left	(7.0, 0.0)	0.25	-1
1	400	134.0	0.25	False	G#3	56	left	(2.0, 1.0)	0.25	-2
1	403	135.0	0.25	False	A2	45	left	(-6.0, -1.0)	1.0	-5
1	404	135.25	0.25	False	E3	52	left	(4.0, 0.0)	0.25	-2
1	405	135.5	0.25	False	A3	57	left	(3.0, 0.0)	0.25	-1
1	408	136.5	0.25	False	C3	48	left	(-5.0, 0.0)	1.0	-5
1	409	136.75	0.25	False	G3	55	left	(4.0, 0.0)	0.25	-2
1	410	137.0	0.25	False	C4	60	left	(3.0, 0.0)	0.25	-1
1	413	138.0	0.25	False	G2	43	left	(-10.0, 0.0)	1.0	-5
1	414	138.25	0.25	False	G3	55	left	(7.0, 0.0)	0.25	-2
1	415	138.5	0.25	False	B3	59	left	(2.0, 0.0)	0.25	-1
1	418	139.5	0.25	False	A2	45	left	(-8.0, 0.0)	1.0	-5
1	419	139.75	0.25	False	E3	52	left	(4.0, 0.0)	0.25	-2
1	420	140.0	0.25	False	A3	57	left	(3.0, 0.0)	0.25	-1
1	423	141.0	0.25	False	E2	40	left	(-10.0, 0.0)	1.0	-5
1	424	141.25	0.25	False	E3	52	left	(7.0, 0.0)	0.25	-5
1	425	141.5	0.25	False	E4	64	left	(7.0, 0.0)	0.25	-1
1	428	142.25	0.25	False	E4	64	left	(0.0, 0.0)	0.75	-5
1	429	142.5	0.25	False	E5	76	left	(7.0, 0.0)	0.25	-1
1	432	143.25	0.25	False	D#5	75	left	(-1.0, 1.0)	0.75	-2
1	433	143.5	0.25	False	E5	76	left	(1.0, -1.0)	0.25	-1
1	436	144.25	0.25	False	D#5	75	left	(-1.0, 1.0)	0.75	-2
1	437	144.5	0.25	False	E5	76	left	(1.0, -1.0)	0.25	-1
1	441	147.0	0.25	False	A2	45	left	(-15.0, 0.0)	2.5	-5
1	442	147.25	0.25	False	E3	52	left	(4.0, 0.0)	0.25	-2
1	443	147.5	0.25	False	A3	57	left	(3.0, 0.0)	0.25	-1
1	446	148.5	0.25	False	E2	40	left	(-10.0, 0.0)	1.0	-5
1	447	148.75	0.25	False	E3	52	left	(7.0, 0.0)	0.25	-1
1	448	149.0	0.25	False	G#3	56	left	(2.0, 1.0)	0.25	-2
1	451	150.0	0.25	False	A2	45	left	(-6.0, -1.0)	1.0	-5
1	452	150.25	0.25	False	E3	52	left	(4.0, 0.0)	0.25	-2
1	453	150.5	0.25	False	A3	57	left	(3.0, 0.0)	0.25	-1
1	457	153.0	0.25	False	A2	45	left	(-7.0, 0.0)	2.5	-5
1	458	153.25	0.25	False	E3	52	left	(4.0, 0.0)	0.25	-2
1	459	153.5	0.25	False	A3	57	left	(3.0, 0.0)	0.25	-1
1	462	154.5	0.25	False	E2	40	left	(-10.0, 0.0)	1.0	-5
1	463	154.75	0.25	False	E3	52	left	(7.0, 0.0)	0.25	-1
1	464	155.0	0.25	False	G#3	56	left	(2.0, 1.0)	0.25	-3
1	467	156.0	0.5	True	A1	33	left	(-13.0, -1.0)	1.0	-5
1	467	156.0	0.5	True	A2	45	left	(7.0, 0.0)	0.0	-1
