part_num	element_pos	onset_time	duration	is_chord	pitch	midi	hand	pitch_diff	time_diff	finger_number
0	0	0.0	3.5	True	B#3	60	right	(0.0, 0.0)	0	1
0	0	0.0	3.5	True	D#4	63	right	(2.0, 0.0)	0.0	2
0	0	0.0	3.5	True	A4	69	right	(4.0, -1.0)	0.0	5
0	1	3.5	0.5	False	F#4	66	right	(-2.0, 1.0)	3.5	4
0	2	4.0	3.5	True	B#3	60	right	(-4.0, 0.0)	0.5	1
0	2	4.0	3.5	True	D#4	63	right	(2.0, 0.0)	0.0	2
0	2	4.0	3.5	True	A4	69	right	(4.0, -1.0)	0.0	5
0	3	7.5	0.5	False	F#4	66	right	(-2.0, 1.0)	3.5	4
0	4	8.0	3.5	True	B3	59	right	(-4.0, -1.0)	0.5	1
0	4	8.0	3.5	True	D4	62	right	(2.0, 0.0)	0.0	2
0	4	8.0	3.5	True	G#4	68	right	(3.0, 1.0)	0.0	5
0	5	11.5	0.5	False	G#4	68	right	(0.0, 0.0)	3.5	5
0	6	12.0	3.5	True	B3	59	right	(-5.0, -1.0)	0.5	1
0	6	12.0	3.5	True	D4	62	right	(2.0, 0.0)	0.0	2
0	6	12.0	3.5	True	G#4	68	right	(3.0, 1.0)	0.0	4
0	7	15.5	0.5	False	F#4	66	right	(-1.0, 0.0)	3.5	3
0	8	16.0	3.5	True	B#3	60	right	(-4.0, 0.0)	0.5	1
0	8	16.0	3.5	True	D#4	63	right	(2.0, 0.0)	0.0	2
0	8	16.0	3.5	True	A4	69	right	(4.0, -1.0)	0.0	5
0	9	19.5	0.5	False	F#4	66	right	(-2.0, 1.0)	3.5	4
0	10	20.0	3.5	True	B#3	60	right	(-4.0, 0.0)	0.5	1
0	10	20.0	3.5	True	D#4	63	right	(2.0, 0.0)	0.0	2
0	10	20.0	3.5	True	A4	69	right	(4.0, -1.0)	0.0	5
0	11	23.5	0.5	False	F#4	66	right	(-2.0, 1.0)	3.5	4
0	12	24.0	3.5	True	B3	59	right	(-4.0, -1.0)	0.5	1
0	12	24.0	3.5	True	D4	62	right	(2.0, 0.0)	0.0	2
0	12	24.0	3.5	True	G#4	68	right	(3.0, 1.0)	0.0	5
0	13	27.5	0.5	False	G#4	68	right	(0.0, 0.0)	3.5	5
0	14	28.0	3.5	True	B3	59	right	(-5.0, -1.0)	0.5	1
0	14	28.0	3.5	True	D4	62	right	(2.0, 0.0)	0.0	2
0	14	28.0	3.5	True	G#4	68	right	(3.0, 1.0)	0.0	5
0	15	31.5	0.5	False	F#4	66	right	(-1.0, 0.0)	3.5	4
0	16	32.0	3.0	True	B3	59	right	(-4.0, -1.0)	0.5	1
0	16	32.0	3.0	True	D4	62	right	(2.0, 0.0)	0.0	2
0	16	32.0	3.0	True	G4	67	right	(3.0, 0.0)	0.0	5
0	17	35.0	0.75	True	B3	59	right	(-5.0, 0.0)	3.0	1
0	17	35.0	0.75	True	D4	62	right	(2.0, 0.0)	0.0	2
0	17	35.0	0.75	True	G4	67	right	(3.0, 0.0)	0.0	5
0	18	35.75	0.25	False	G4	67	right	(0.0, 0.0)	0.75	5
0	19	36.0	3.0	True	B-3	58	right	(-6.0, 1.0)	0.25	1
0	19	36.0	3.0	True	C#4	61	right	(2.0, 0.0)	0.0	2
0	19	36.0	3.0	True	G4	67	right	(4.0, -1.0)	0.0	5
0	20	39.0	0.75	True	B-3	58	right	(-6.0, 1.0)	3.0	1
0	20	39.0	0.75	True	C#4	61	right	(2.0, 0.0)	0.0	2
0	20	39.0	0.75	True	G4	67	right	(4.0, -1.0)	0.0	5
0	21	39.75	0.25	False	G4	67	right	(0.0, 0.0)	0.75	5
0	22	40.0	3.0	True	B#3	60	right	(-5.0, 1.0)	0.25	1
0	22	40.0	3.0	True	D#4	63	right	(2.0, 0.0)	0.0	2
0	22	40.0	3.0	True	G#4	68	right	(3.0, 0.0)	0.0	5
0	23	43.0	0.75	True	B#3	60	right	(-5.0, 0.0)	3.0	1
0	23	43.0	0.75	True	D#4	63	right	(2.0, 0.0)	0.0	2
0	23	43.0	0.75	True	G#4	68	right	(3.0, 0.0)	0.0	5
0	24	43.75	0.25	False	G#4	68	right	(0.0, 0.0)	0.75	5
0	25	44.0	3.0	True	B#3	60	right	(-5.0, 0.0)	0.25	1
0	25	44.0	3.0	True	D#4	63	right	(2.0, 0.0)	0.0	2
0	25	44.0	3.0	True	G#4	68	right	(3.0, 0.0)	0.0	5
0	27	48.0	3.0	True	B3	59	right	(-5.0, -1.0)	4.0	1
0	27	48.0	3.0	True	D4	62	right	(2.0, 0.0)	0.0	2
0	27	48.0	3.0	True	G4	67	right	(3.0, 0.0)	0.0	5
0	28	51.0	0.75	True	B3	59	right	(-5.0, 0.0)	3.0	1
0	28	51.0	0.75	True	D4	62	right	(2.0, 0.0)	0.0	2
0	28	51.0	0.75	True	G4	67	right	(3.0, 0.0)	0.0	5
0	29	51.75	0.25	False	G4	67	right	(0.0, 0.0)	0.75	5
0	30	52.0	3.0	True	B-3	58	right	(-6.0, 1.0)	0.25	1
0	30	52.0	3.0	True	C#4	61	right	(2.0, 0.0)	0.0	2
0	30	52.0	3.0	True	G4	67	right	(4.0, -1.0)	0.0	5
0	31	55.0	0.75	True	B-3	58	right	(-6.0, 1.0)	3.0	1
0	31	55.0	0.75	True	C#4	61	right	(2.0, 0.0)	0.0	2
0	31	55.0	0.75	True	G4	67	right	(4.0, -1.0)	0.0	5
0	32	55.75	0.25	False	G4	67	right	(0.0, 0.0)	0.75	5
0	33	56.0	3.0	True	B#3	60	right	(-5.0, 1.0)	0.25	1
0	33	56.0	3.0	True	D#4	63	right	(2.0, 0.0)	0.0	2
0	33	56.0	3.0	True	G#4	68	right	(3.0, 0.0)	0.0	5
0	34	59.0	0.75	True	B#3	60	right	(-5.0, 0.0)	3.0	1
0	34	59.0	0.75	True	D#4	63	right	(2.0, 0.0)	0.0	2
0	34	59.0	0.75	True	G#4	68	right	(3.0, 0.0)	0.0	4
0	35	59.75	0.25	False	G#4	68	right	(0.0, 0.0)	0.75	4
0	36	60.0	3.0	True	D4	62	right	(-3.0, -1.0)	0.25	1
0	36	60.0	3.0	True	F4	65	right	(2.0, 0.0)	0.0	2
0	36	60.0	3.0	True	B4	71	right	(3.0, 0.0)	0.0	5
0	37	63.0	0.75	True	D4	62	right	(-5.0, 0.0)	3.0	1
0	37	63.0	0.75	True	F4	65	right	(2.0, 0.0)	0.0	2
0	37	63.0	0.75	True	B4	71	right	(3.0, 0.0)	0.0	5
0	38	63.75	0.25	False	B4	71	right	(0.0, 0.0)	0.75	5
0	39	64.0	3.0	True	D4	62	right	(-5.0, 0.0)	0.25	1
0	39	64.0	3.0	True	G#4	68	right	(3.0, 1.0)	0.0	3
0	39	64.0	3.0	True	C5	72	right	(3.0, -1.0)	0.0	5
0	40	67.0	0.75	True	D4	62	right	(-6.0, 0.0)	3.0	1
0	40	67.0	0.75	True	G#4	68	right	(3.0, 1.0)	0.0	2
0	40	67.0	0.75	True	C5	72	right	(3.0, -1.0)	0.0	4
0	41	67.75	0.25	False	C5	72	right	(0.0, 0.0)	0.75	3
0	42	68.0	3.0	True	G4	67	right	(-3.0, 0.0)	0.25	1
0	42	68.0	3.0	True	B4	71	right	(2.0, 0.0)	0.0	2
0	42	68.0	3.0	True	D5	74	right	(2.0, 0.0)	0.0	4
0	43	71.0	0.75	True	G4	67	right	(-4.0, 0.0)	3.0	1
0	43	71.0	0.75	True	B4	71	right	(2.0, 0.0)	0.0	2
0	43	71.0	0.75	True	D5	74	right	(2.0, 0.0)	0.0	4
0	44	71.75	0.25	False	D5	74	right	(0.0, 0.0)	0.75	4
0	45	72.0	3.0	True	G4	67	right	(-4.0, 0.0)	0.25	1
0	45	72.0	3.0	True	B4	71	right	(2.0, 0.0)	0.0	2
0	45	72.0	3.0	True	D5	74	right	(2.0, 0.0)	0.0	4
0	46	75.0	0.75	True	G4	67	right	(-4.0, 0.0)	3.0	1
0	46	75.0	0.75	True	B4	71	right	(2.0, 0.0)	0.0	3
0	46	75.0	0.75	True	D5	74	right	(2.0, 0.0)	0.0	5
0	47	75.75	0.25	False	D5	74	right	(0.0, 0.0)	0.75	5
0	48	76.0	3.0	True	D4	62	right	(-7.0, 0.0)	0.25	1
0	48	76.0	3.0	True	F4	65	right	(2.0, 0.0)	0.0	2
0	48	76.0	3.0	True	B4	71	right	(3.0, 0.0)	0.0	5
0	49	79.0	0.75	True	D4	62	right	(-5.0, 0.0)	3.0	1
0	49	79.0	0.75	True	F4	65	right	(2.0, 0.0)	0.0	2
0	49	79.0	0.75	True	B4	71	right	(3.0, 0.0)	0.0	5
0	50	79.75	0.25	False	B4	71	right	(0.0, 0.0)	0.75	5
0	51	80.0	3.0	True	D4	62	right	(-5.0, 0.0)	0.25	1
0	51	80.0	3.0	True	G#4	68	right	(3.0, 1.0)	0.0	3
0	51	80.0	3.0	True	C5	72	right	(3.0, -1.0)	0.0	5
0	52	83.0	0.75	True	D4	62	right	(-6.0, 0.0)	3.0	1
0	52	83.0	0.75	True	G#4	68	right	(3.0, 1.0)	0.0	3
0	52	83.0	0.75	True	C5	72	right	(3.0, -1.0)	0.0	5
0	53	83.75	0.25	False	C5	72	right	(0.0, 0.0)	0.75	5
0	54	84.0	4.0	True	D4	62	right	(-6.0, 0.0)	0.25	1
0	54	84.0	4.0	True	G#4	68	right	(3.0, 1.0)	0.0	3
0	54	84.0	4.0	True	C#5	73	right	(3.0, 0.0)	0.0	5
0	56	266/3	1/3	True	B2	47	right	(-12.0, -1.0)	4.666666666666671	1
0	56	266/3	1/3	True	B3	59	right	(7.0, 0.0)	0	5
0	57	269/3	1/3	True	B2	47	right	(-7.0, 0.0)	1	1
0	57	269/3	1/3	True	B3	59	right	(7.0, 0.0)	0	5
0	58	272/3	1/3	True	B2	47	right	(-7.0, 0.0)	1	1
0	58	272/3	1/3	True	B3	59	right	(7.0, 0.0)	0	5
0	59	275/3	1/3	True	B2	47	right	(-7.0, 0.0)	1	1
0	59	275/3	1/3	True	B3	59	right	(7.0, 0.0)	0	5
0	61	96.0	3.5	True	B#3	60	right	(0.0, 1.0)	4.333333333333329	1
0	61	96.0	3.5	True	D#4	63	right	(2.0, 0.0)	0.0	2
0	61	96.0	3.5	True	A4	69	right	(4.0, -1.0)	0.0	5
0	62	99.5	0.5	False	F#4	66	right	(-2.0, 1.0)	3.5	4
0	63	100.0	3.5	True	B#3	60	right	(-4.0, 0.0)	0.5	1
0	63	100.0	3.5	True	D#4	63	right	(2.0, 0.0)	0.0	2
0	63	100.0	3.5	True	A4	69	right	(4.0, -1.0)	0.0	5
0	64	103.5	0.5	False	F#4	66	right	(-2.0, 1.0)	3.5	4
0	65	104.0	3.5	True	B3	59	right	(-4.0, -1.0)	0.5	1
0	65	104.0	3.5	True	D4	62	right	(2.0, 0.0)	0.0	2
0	65	104.0	3.5	True	G#4	68	right	(3.0, 1.0)	0.0	5
0	66	107.5	0.5	False	G#4	68	right	(0.0, 0.0)	3.5	5
0	67	108.0	3.5	True	B3	59	right	(-5.0, -1.0)	0.5	1
0	67	108.0	3.5	True	D4	62	right	(2.0, 0.0)	0.0	2
0	67	108.0	3.5	True	G#4	68	right	(3.0, 1.0)	0.0	4
0	68	111.5	0.5	True	A4	69	right	(1.0, -1.0)	3.5	1
0	68	111.5	0.5	True	A5	81	right	(7.0, 0.0)	0.0	5
0	69	112.0	1/3	True	F#5	78	right	(-2.0, 1.0)	0.5	1
0	69	112.0	1/3	True	F#6	90	right	(7.0, 0.0)	0.0	5
0	70	112.0	1.0	False	B5	83	right	(-4.0, -1.0)	0.0	1
0	71	337/3	1/3	True	D5	74	right	(-5.0, 0.0)	0.3333333333333286	1
0	71	337/3	1/3	True	D6	86	right	(7.0, 0.0)	0	5
0	72	338/3	1/3	True	F#5	78	right	(-5.0, 1.0)	1/3	1
0	72	338/3	1/3	True	F#6	90	right	(7.0, 0.0)	0	5
0	73	113.0	1/3	True	C#5	73	right	(-10.0, 0.0)	0.3333333333333286	1
0	73	113.0	1/3	True	C#6	85	right	(7.0, 0.0)	0.0	5
0	74	113.0	1.0	False	G#5	80	right	(-3.0, 0.0)	0.0	3
0	75	340/3	1/3	True	D5	74	right	(-3.0, -1.0)	0.3333333333333286	1
0	75	340/3	1/3	True	D6	86	right	(7.0, 0.0)	0	5
0	76	341/3	1/3	True	B4	71	right	(-9.0, 0.0)	1/3	1
0	76	341/3	1/3	True	B5	83	right	(7.0, 0.0)	0	5
0	77	114.0	1/3	True	F#4	66	right	(-10.0, 1.0)	0.3333333333333286	1
0	77	114.0	1/3	True	F#5	78	right	(7.0, 0.0)	0.0	5
0	78	114.0	1.0	False	C#5	73	right	(-3.0, 0.0)	0.0	5
0	79	343/3	1/3	True	C#4	61	right	(-7.0, 0.0)	0.3333333333333286	1
0	79	343/3	1/3	True	C#5	73	right	(7.0, 0.0)	0	5
0	80	344/3	1/3	True	F#4	66	right	(-4.0, 0.0)	1/3	1
0	80	344/3	1/3	True	F#5	78	right	(7.0, 0.0)	0	5
0	81	115.0	1/3	True	D4	62	right	(-9.0, -1.0)	0.3333333333333286	1
0	81	115.0	1/3	True	D5	74	right	(7.0, 0.0)	0.0	5
0	82	115.0	1.0	False	G#4	68	right	(-4.0, 1.0)	0.0	2
0	83	346/3	1/3	True	C#4	61	right	(-4.0, 0.0)	0.3333333333333286	1
0	83	346/3	1/3	True	C#5	73	right	(7.0, 0.0)	0	5
0	84	347/3	1/3	True	B3	59	right	(-8.0, -1.0)	1/3	1
0	84	347/3	1/3	True	B4	71	right	(7.0, 0.0)	0	5
0	85	116.0	1/3	True	F#4	66	right	(-3.0, 1.0)	0.3333333333333286	1
0	85	116.0	1/3	True	F#5	78	right	(7.0, 0.0)	0.0	5
0	86	116.0	1.0	False	B4	71	right	(-4.0, -1.0)	0.0	1
0	87	349/3	1/3	True	D4	62	right	(-5.0, 0.0)	0.3333333333333286	1
0	87	349/3	1/3	True	D5	74	right	(7.0, 0.0)	0	5
0	88	350/3	1/3	True	F#4	66	right	(-5.0, 1.0)	1/3	1
0	88	350/3	1/3	True	F#5	78	right	(7.0, 0.0)	0	5
0	89	117.0	1/3	True	C#4	61	right	(-10.0, 0.0)	0.3333333333333286	1
0	89	117.0	1/3	True	C#5	73	right	(7.0, 0.0)	0.0	5
0	90	117.0	1.0	False	G#4	68	right	(-3.0, 0.0)	0.0	3
0	91	352/3	1/3	True	D4	62	right	(-3.0, -1.0)	0.3333333333333286	1
0	91	352/3	1/3	True	D5	74	right	(7.0, 0.0)	0	5
0	92	353/3	1/3	True	B3	59	right	(-9.0, 0.0)	1/3	1
0	92	353/3	1/3	True	B4	71	right	(7.0, 0.0)	0	5
0	93	118.0	1/3	True	F#3	54	right	(-10.0, 1.0)	0.3333333333333286	1
0	93	118.0	1/3	True	F#4	66	right	(7.0, 0.0)	0.0	5
0	94	118.0	1.0	False	C#4	61	right	(-3.0, 0.0)	0.0	5
0	95	355/3	1/3	True	C#3	49	right	(-7.0, 0.0)	0.3333333333333286	1
0	95	355/3	1/3	True	C#4	61	right	(7.0, 0.0)	0	5
0	96	356/3	1/3	True	F#3	54	right	(-4.0, 0.0)	1/3	1
0	96	356/3	1/3	True	F#4	66	right	(7.0, 0.0)	0	5
0	97	119.0	1/3	True	D3	50	right	(-9.0, -1.0)	0.3333333333333286	1
0	97	119.0	1/3	True	D4	62	right	(7.0, 0.0)	0.0	5
0	98	119.0	1.0	False	G#3	56	right	(-4.0, 1.0)	0.0	2
0	99	358/3	1/3	True	C#3	49	right	(-4.0, 0.0)	0.3333333333333286	1
0	99	358/3	1/3	True	C#4	61	right	(7.0, 0.0)	0	5
0	100	359/3	1/3	True	B2	47	right	(-8.0, -1.0)	1/3	1
0	100	359/3	1/3	True	B3	59	right	(7.0, 0.0)	0	5
0	101	120.0	2.0	True	F#2	42	right	(-10.0, 1.0)	0.3333333333333286	1
0	101	120.0	2.0	True	C#3	49	right	(4.0, 0.0)	0.0	2
0	101	120.0	2.0	True	F#3	54	right	(3.0, 0.0)	0.0	4
1	0	0.0	1/3	True	F#2	42	left	(-7.0, 0.0)	-120.0	-5
1	0	0.0	1/3	True	F#3	54	left	(7.0, 0.0)	0.0	-1
1	1	1/3	1/3	True	D#2	39	left	(-9.0, 0.0)	0.3333333333333333	-5
1	1	1/3	1/3	True	D#3	51	left	(7.0, 0.0)	0	-1
1	2	2/3	1/3	True	B#1	36	left	(-9.0, 0.0)	1/3	-5
1	2	2/3	1/3	True	B#2	48	left	(7.0, 0.0)	0	-1
1	3	1.0	1/3	True	A1	33	left	(-8.0, -1.0)	0.33333333333333337	-5
1	3	1.0	1/3	True	A2	45	left	(7.0, 0.0)	0.0	-1
1	4	4/3	1/3	True	B#1	36	left	(-6.0, 1.0)	0.33333333333333326	-5
1	4	4/3	1/3	True	B#2	48	left	(7.0, 0.0)	0	-1
1	5	5/3	1/3	True	A1	33	left	(-8.0, -1.0)	1/3	-5
1	5	5/3	1/3	True	A2	45	left	(7.0, 0.0)	0	-1
1	6	2.0	1/3	True	F#1	30	left	(-9.0, 1.0)	0.33333333333333326	-5
1	6	2.0	1/3	True	F#2	42	left	(7.0, 0.0)	0.0	-1
1	7	7/3	1/3	True	A1	33	left	(-5.0, -1.0)	0.3333333333333335	-5
1	7	7/3	1/3	True	A2	45	left	(7.0, 0.0)	0	-1
1	8	8/3	1/3	True	B#1	36	left	(-6.0, 1.0)	1/3	-5
1	8	8/3	1/3	True	B#2	48	left	(7.0, 0.0)	0	-1
1	9	3.0	1/3	True	D#2	39	left	(-5.0, 0.0)	0.3333333333333335	-5
1	9	3.0	1/3	True	D#3	51	left	(7.0, 0.0)	0.0	-1
1	10	10/3	1/3	True	B#1	36	left	(-9.0, 0.0)	0.3333333333333335	-5
1	10	10/3	1/3	True	B#2	48	left	(7.0, 0.0)	0	-1
1	11	11/3	1/3	True	A1	33	left	(-8.0, -1.0)	1/3	-5
1	11	11/3	1/3	True	A2	45	left	(7.0, 0.0)	0	-1
1	12	4.0	1/3	True	F#2	42	left	(-2.0, 1.0)	0.3333333333333335	-5
1	12	4.0	1/3	True	F#3	54	left	(7.0, 0.0)	0.0	-1
1	13	13/3	1/3	True	D#2	39	left	(-9.0, 0.0)	0.33333333333333304	-5
1	13	13/3	1/3	True	D#3	51	left	(7.0, 0.0)	0	-1
1	14	14/3	1/3	True	B#1	36	left	(-9.0, 0.0)	1/3	-5
1	14	14/3	1/3	True	B#2	48	left	(7.0, 0.0)	0	-1
1	15	5.0	1/3	True	A1	33	left	(-8.0, -1.0)	0.33333333333333304	-5
1	15	5.0	1/3	True	A2	45	left	(7.0, 0.0)	0.0	-1
1	16	16/3	1/3	True	B#1	36	left	(-6.0, 1.0)	0.33333333333333304	-5
1	16	16/3	1/3	True	B#2	48	left	(7.0, 0.0)	0	-1
1	17	17/3	1/3	True	A1	33	left	(-8.0, -1.0)	1/3	-5
1	17	17/3	1/3	True	A2	45	left	(7.0, 0.0)	0	-1
1	18	6.0	1/3	True	F#1	30	left	(-9.0, 1.0)	0.33333333333333304	-5
1	18	6.0	1/3	True	F#2	42	left	(7.0, 0.0)	0.0	-1
1	19	19/3	1/3	True	A1	33	left	(-5.0, -1.0)	0.33333333333333304	-5
1	19	19/3	1/3	True	A2	45	left	(7.0, 0.0)	0	-1
1	20	20/3	1/3	True	B#1	36	left	(-6.0, 1.0)	1/3	-5
1	20	20/3	1/3	True	B#2	48	left	(7.0, 0.0)	0	-1
1	21	7.0	1/3	True	D#2	39	left	(-5.0, 0.0)	0.33333333333333304	-5
1	21	7.0	1/3	True	D#3	51	left	(7.0, 0.0)	0.0	-1
1	22	22/3	1/3	True	B#1	36	left	(-9.0, 0.0)	0.33333333333333304	-5
1	22	22/3	1/3	True	B#2	48	left	(7.0, 0.0)	0	-1
1	23	23/3	1/3	True	A1	33	left	(-8.0, -1.0)	1/3	-5
1	23	23/3	1/3	True	A2	45	left	(7.0, 0.0)	0	-5
1	24	8.0	1/3	True	B2	47	left	(1.0, 0.0)	0.33333333333333304	-4
1	24	8.0	1/3	True	B3	59	left	(7.0, 0.0)	0.0	-1
1	25	25/3	1/3	True	G#2	44	left	(-9.0, 1.0)	0.3333333333333339	-5
1	25	25/3	1/3	True	G#3	56	left	(7.0, 0.0)	0	-1
1	26	26/3	1/3	True	F#2	42	left	(-8.0, 0.0)	1/3	-5
1	26	26/3	1/3	True	F#3	54	left	(7.0, 0.0)	0	-1
1	27	9.0	1/3	True	D2	38	left	(-9.0, -1.0)	0.3333333333333339	-5
1	27	9.0	1/3	True	D3	50	left	(7.0, 0.0)	0.0	-1
1	28	28/3	1/3	True	F#2	42	left	(-5.0, 1.0)	0.3333333333333339	-5
1	28	28/3	1/3	True	F#3	54	left	(7.0, 0.0)	0	-1
1	29	29/3	1/3	True	C#2	37	left	(-10.0, 0.0)	1/3	-5
1	29	29/3	1/3	True	C#3	49	left	(7.0, 0.0)	0	-1
1	30	10.0	1/3	True	B1	35	left	(-8.0, -1.0)	0.3333333333333339	-5
1	30	10.0	1/3	True	B2	47	left	(7.0, 0.0)	0.0	-1
1	31	31/3	1/3	True	C#2	37	left	(-6.0, 1.0)	0.3333333333333339	-5
1	31	31/3	1/3	True	C#3	49	left	(7.0, 0.0)	0	-1
1	32	32/3	1/3	True	D2	38	left	(-6.0, -1.0)	1/3	-5
1	32	32/3	1/3	True	D3	50	left	(7.0, 0.0)	0	-1
1	33	11.0	1/3	True	F#2	42	left	(-5.0, 1.0)	0.3333333333333339	-5
1	33	11.0	1/3	True	F#3	54	left	(7.0, 0.0)	0.0	-1
1	34	34/3	1/3	True	D2	38	left	(-9.0, -1.0)	0.3333333333333339	-5
1	34	34/3	1/3	True	D3	50	left	(7.0, 0.0)	0	-1
1	35	35/3	1/3	True	C#2	37	left	(-8.0, 1.0)	1/3	-5
1	35	35/3	1/3	True	C#3	49	left	(7.0, 0.0)	0	-1
1	36	12.0	1/3	True	B2	47	left	(-1.0, -1.0)	0.3333333333333339	-5
1	36	12.0	1/3	True	B3	59	left	(7.0, 0.0)	0.0	-1
1	37	37/3	1/3	True	G#2	44	left	(-9.0, 1.0)	0.3333333333333339	-5
1	37	37/3	1/3	True	G#3	56	left	(7.0, 0.0)	0	-1
1	38	38/3	1/3	True	F#2	42	left	(-8.0, 0.0)	1/3	-5
1	38	38/3	1/3	True	F#3	54	left	(7.0, 0.0)	0	-1
1	39	13.0	1/3	True	D2	38	left	(-9.0, -1.0)	0.3333333333333339	-5
1	39	13.0	1/3	True	D3	50	left	(7.0, 0.0)	0.0	-1
1	40	40/3	1/3	True	F#2	42	left	(-5.0, 1.0)	0.3333333333333339	-5
1	40	40/3	1/3	True	F#3	54	left	(7.0, 0.0)	0	-1
1	41	41/3	1/3	True	C#2	37	left	(-10.0, 0.0)	1/3	-5
1	41	41/3	1/3	True	C#3	49	left	(7.0, 0.0)	0	-1
1	42	14.0	1/3	True	B1	35	left	(-8.0, -1.0)	0.3333333333333339	-5
1	42	14.0	1/3	True	B2	47	left	(7.0, 0.0)	0.0	-1
1	43	43/3	1/3	True	C#2	37	left	(-6.0, 1.0)	0.3333333333333339	-5
1	43	43/3	1/3	True	C#3	49	left	(7.0, 0.0)	0	-1
1	44	44/3	1/3	True	D2	38	left	(-6.0, -1.0)	1/3	-5
1	44	44/3	1/3	True	D3	50	left	(7.0, 0.0)	0	-1
1	45	15.0	1/3	True	F#2	42	left	(-5.0, 1.0)	0.3333333333333339	-5
1	45	15.0	1/3	True	F#3	54	left	(7.0, 0.0)	0.0	-1
1	46	46/3	1/3	True	D2	38	left	(-9.0, -1.0)	0.3333333333333339	-5
1	46	46/3	1/3	True	D3	50	left	(7.0, 0.0)	0	-1
1	47	47/3	1/3	True	C#2	37	left	(-8.0, 1.0)	1/3	-5
1	47	47/3	1/3	True	C#3	49	left	(7.0, 0.0)	0	-1
1	48	16.0	1/3	True	F#2	42	left	(-4.0, 0.0)	0.3333333333333339	-5
1	48	16.0	1/3	True	F#3	54	left	(7.0, 0.0)	0.0	-1
1	49	49/3	1/3	True	D#2	39	left	(-9.0, 0.0)	0.33333333333333215	-5
1	49	49/3	1/3	True	D#3	51	left	(7.0, 0.0)	0	-1
1	50	50/3	1/3	True	B#1	36	left	(-9.0, 0.0)	1/3	-5
1	50	50/3	1/3	True	B#2	48	left	(7.0, 0.0)	0	-1
1	51	17.0	1/3	True	A1	33	left	(-8.0, -1.0)	0.33333333333333215	-5
1	51	17.0	1/3	True	A2	45	left	(7.0, 0.0)	0.0	-1
1	52	52/3	1/3	True	B#1	36	left	(-6.0, 1.0)	0.33333333333333215	-5
1	52	52/3	1/3	True	B#2	48	left	(7.0, 0.0)	0	-1
1	53	53/3	1/3	True	A1	33	left	(-8.0, -1.0)	1/3	-5
1	53	53/3	1/3	True	A2	45	left	(7.0, 0.0)	0	-1
1	54	18.0	1/3	True	F#1	30	left	(-9.0, 1.0)	0.33333333333333215	-5
1	54	18.0	1/3	True	F#2	42	left	(7.0, 0.0)	0.0	-1
1	55	55/3	1/3	True	A1	33	left	(-5.0, -1.0)	0.33333333333333215	-5
1	55	55/3	1/3	True	A2	45	left	(7.0, 0.0)	0	-1
1	56	56/3	1/3	True	B#1	36	left	(-6.0, 1.0)	1/3	-5
1	56	56/3	1/3	True	B#2	48	left	(7.0, 0.0)	0	-1
1	57	19.0	1/3	True	D#2	39	left	(-5.0, 0.0)	0.33333333333333215	-5
1	57	19.0	1/3	True	D#3	51	left	(7.0, 0.0)	0.0	-1
1	58	58/3	1/3	True	B#1	36	left	(-9.0, 0.0)	0.33333333333333215	-5
1	58	58/3	1/3	True	B#2	48	left	(7.0, 0.0)	0	-1
1	59	59/3	1/3	True	A1	33	left	(-8.0, -1.0)	1/3	-5
1	59	59/3	1/3	True	A2	45	left	(7.0, 0.0)	0	-1
1	60	20.0	1/3	True	F#2	42	left	(-2.0, 1.0)	0.33333333333333215	-5
1	60	20.0	1/3	True	F#3	54	left	(7.0, 0.0)	0.0	-1
1	61	61/3	1/3	True	D#2	39	left	(-9.0, 0.0)	0.33333333333333215	-5
1	61	61/3	1/3	True	D#3	51	left	(7.0, 0.0)	0	-1
1	62	62/3	1/3	True	B#1	36	left	(-9.0, 0.0)	1/3	-5
1	62	62/3	1/3	True	B#2	48	left	(7.0, 0.0)	0	-1
1	63	21.0	1/3	True	A1	33	left	(-8.0, -1.0)	0.33333333333333215	-5
1	63	21.0	1/3	True	A2	45	left	(7.0, 0.0)	0.0	-1
1	64	64/3	1/3	True	B#1	36	left	(-6.0, 1.0)	0.33333333333333215	-5
1	64	64/3	1/3	True	B#2	48	left	(7.0, 0.0)	0	-1
1	65	65/3	1/3	True	A1	33	left	(-8.0, -1.0)	1/3	-5
1	65	65/3	1/3	True	A2	45	left	(7.0, 0.0)	0	-1
1	66	22.0	1/3	True	F#1	30	left	(-9.0, 1.0)	0.33333333333333215	-5
1	66	22.0	1/3	True	F#2	42	left	(7.0, 0.0)	0.0	-1
1	67	67/3	1/3	True	A1	33	left	(-5.0, -1.0)	0.33333333333333215	-5
1	67	67/3	1/3	True	A2	45	left	(7.0, 0.0)	0	-1
1	68	68/3	1/3	True	B#1	36	left	(-6.0, 1.0)	1/3	-5
1	68	68/3	1/3	True	B#2	48	left	(7.0, 0.0)	0	-1
1	69	23.0	1/3	True	D#2	39	left	(-5.0, 0.0)	0.33333333333333215	-5
1	69	23.0	1/3	True	D#3	51	left	(7.0, 0.0)	0.0	-1
1	70	70/3	1/3	True	B#1	36	left	(-9.0, 0.0)	0.33333333333333215	-5
1	70	70/3	1/3	True	B#2	48	left	(7.0, 0.0)	0	-1
1	71	71/3	1/3	True	A1	33	left	(-8.0, -1.0)	1/3	-5
1	71	71/3	1/3	True	A2	45	left	(7.0, 0.0)	0	-5
1	72	24.0	1/3	True	B2	47	left	(1.0, 0.0)	0.33333333333333215	-4
1	72	24.0	1/3	True	B3	59	left	(7.0, 0.0)	0.0	-1
1	73	73/3	1/3	True	G#2	44	left	(-9.0, 1.0)	0.33333333333333215	-5
1	73	73/3	1/3	True	G#3	56	left	(7.0, 0.0)	0	-1
1	74	74/3	1/3	True	F#2	42	left	(-8.0, 0.0)	1/3	-5
1	74	74/3	1/3	True	F#3	54	left	(7.0, 0.0)	0	-1
1	75	25.0	1/3	True	D2	38	left	(-9.0, -1.0)	0.33333333333333215	-5
1	75	25.0	1/3	True	D3	50	left	(7.0, 0.0)	0.0	-1
1	76	76/3	1/3	True	F#2	42	left	(-5.0, 1.0)	0.33333333333333215	-5
1	76	76/3	1/3	True	F#3	54	left	(7.0, 0.0)	0	-1
1	77	77/3	1/3	True	C#2	37	left	(-10.0, 0.0)	1/3	-5
1	77	77/3	1/3	True	C#3	49	left	(7.0, 0.0)	0	-1
1	78	26.0	1/3	True	B1	35	left	(-8.0, -1.0)	0.33333333333333215	-5
1	78	26.0	1/3	True	B2	47	left	(7.0, 0.0)	0.0	-1
1	79	79/3	1/3	True	C#2	37	left	(-6.0, 1.0)	0.33333333333333215	-5
1	79	79/3	1/3	True	C#3	49	left	(7.0, 0.0)	0	-1
1	80	80/3	1/3	True	D2	38	left	(-6.0, -1.0)	1/3	-5
1	80	80/3	1/3	True	D3	50	left	(7.0, 0.0)	0	-1
1	81	27.0	1/3	True	F#2	42	left	(-5.0, 1.0)	0.33333333333333215	-5
1	81	27.0	1/3	True	F#3	54	left	(7.0, 0.0)	0.0	-1
1	82	82/3	1/3	True	D2	38	left	(-9.0, -1.0)	0.33333333333333215	-5
1	82	82/3	1/3	True	D3	50	left	(7.0, 0.0)	0	-1
1	83	83/3	1/3	True	C#2	37	left	(-8.0, 1.0)	1/3	-5
1	83	83/3	1/3	True	C#3	49	left	(7.0, 0.0)	0	-1
1	84	28.0	1/3	True	B2	47	left	(-1.0, -1.0)	0.33333333333333215	-5
1	84	28.0	1/3	True	B3	59	left	(7.0, 0.0)	0.0	-1
1	85	85/3	1/3	True	G#2	44	left	(-9.0, 1.0)	0.33333333333333215	-5
1	85	85/3	1/3	True	G#3	56	left	(7.0, 0.0)	0	-1
1	86	86/3	1/3	True	F#2	42	left	(-8.0, 0.0)	1/3	-5
1	86	86/3	1/3	True	F#3	54	left	(7.0, 0.0)	0	-1
1	87	29.0	1/3	True	D2	38	left	(-9.0, -1.0)	0.33333333333333215	-5
1	87	29.0	1/3	True	D3	50	left	(7.0, 0.0)	0.0	-1
1	88	88/3	1/3	True	F#2	42	left	(-5.0, 1.0)	0.33333333333333215	-5
1	88	88/3	1/3	True	F#3	54	left	(7.0, 0.0)	0	-1
1	89	89/3	1/3	True	C#2	37	left	(-10.0, 0.0)	1/3	-5
1	89	89/3	1/3	True	C#3	49	left	(7.0, 0.0)	0	-1
1	90	30.0	1/3	True	B1	35	left	(-8.0, -1.0)	0.33333333333333215	-5
1	90	30.0	1/3	True	B2	47	left	(7.0, 0.0)	0.0	-1
1	91	91/3	1/3	True	C#2	37	left	(-6.0, 1.0)	0.33333333333333215	-5
1	91	91/3	1/3	True	C#3	49	left	(7.0, 0.0)	0	-1
1	92	92/3	1/3	True	D2	38	left	(-6.0, -1.0)	1/3	-5
1	92	92/3	1/3	True	D3	50	left	(7.0, 0.0)	0	-1
1	93	31.0	1/3	True	F#2	42	left	(-5.0, 1.0)	0.33333333333333215	-5
1	93	31.0	1/3	True	F#3	54	left	(7.0, 0.0)	0.0	-1
1	94	94/3	1/3	True	D2	38	left	(-9.0, -1.0)	0.33333333333333215	-5
1	94	94/3	1/3	True	D3	50	left	(7.0, 0.0)	0	-1
1	95	95/3	1/3	True	C#2	37	left	(-8.0, 1.0)	1/3	-5
1	95	95/3	1/3	True	C#3	49	left	(7.0, 0.0)	0	-1
1	96	32.0	1/3	True	E2	40	left	(-5.0, -1.0)	0.33333333333333215	-5
1	96	32.0	1/3	True	E3	52	left	(7.0, 0.0)	0.0	-1
1	97	97/3	1/3	True	D2	38	left	(-8.0, 0.0)	0.3333333333333357	-5
1	97	97/3	1/3	True	D3	50	left	(7.0, 0.0)	0	-1
1	98	98/3	1/3	True	E2	40	left	(-6.0, 0.0)	1/3	-5
1	98	98/3	1/3	True	E3	52	left	(7.0, 0.0)	0	-1
1	99	33.0	1/3	True	D2	38	left	(-8.0, 0.0)	0.3333333333333357	-5
1	99	33.0	1/3	True	D3	50	left	(7.0, 0.0)	0.0	-1
1	100	100/3	1/3	True	E2	40	left	(-6.0, 0.0)	0.3333333333333357	-5
1	100	100/3	1/3	True	E3	52	left	(7.0, 0.0)	0	-1
1	101	101/3	1/3	True	D2	38	left	(-8.0, 0.0)	1/3	-5
1	101	101/3	1/3	True	D3	50	left	(7.0, 0.0)	0	-1
1	102	34.0	1/3	True	E2	40	left	(-6.0, 0.0)	0.3333333333333357	-5
1	102	34.0	1/3	True	E3	52	left	(7.0, 0.0)	0.0	-1
1	103	103/3	1/3	True	D2	38	left	(-8.0, 0.0)	0.3333333333333357	-5
1	103	103/3	1/3	True	D3	50	left	(7.0, 0.0)	0	-1
1	104	104/3	1/3	True	E2	40	left	(-6.0, 0.0)	1/3	-5
1	104	104/3	1/3	True	E3	52	left	(7.0, 0.0)	0	-1
1	105	35.0	1/3	True	D2	38	left	(-8.0, 0.0)	0.3333333333333357	-5
1	105	35.0	1/3	True	D3	50	left	(7.0, 0.0)	0.0	-1
1	106	106/3	1/3	True	E2	40	left	(-6.0, 0.0)	0.3333333333333357	-5
1	106	106/3	1/3	True	E3	52	left	(7.0, 0.0)	0	-1
1	107	107/3	1/3	True	D2	38	left	(-8.0, 0.0)	1/3	-5
1	107	107/3	1/3	True	D3	50	left	(7.0, 0.0)	0	-1
1	108	36.0	1/3	True	E-2	39	left	(-7.0, 1.0)	0.3333333333333357	-5
1	108	36.0	1/3	True	E-3	51	left	(7.0, 0.0)	0.0	-1
1	109	109/3	1/3	True	C#2	37	left	(-8.0, 0.0)	0.3333333333333357	-5
1	109	109/3	1/3	True	C#3	49	left	(7.0, 0.0)	0	-1
1	110	110/3	1/3	True	E-2	39	left	(-6.0, 0.0)	1/3	-5
1	110	110/3	1/3	True	E-3	51	left	(7.0, 0.0)	0	-1
1	111	37.0	1/3	True	C#2	37	left	(-8.0, 0.0)	0.3333333333333357	-5
1	111	37.0	1/3	True	C#3	49	left	(7.0, 0.0)	0.0	-1
1	112	112/3	1/3	True	E-2	39	left	(-6.0, 0.0)	0.3333333333333357	-5
1	112	112/3	1/3	True	E-3	51	left	(7.0, 0.0)	0	-1
1	113	113/3	1/3	True	C#2	37	left	(-8.0, 0.0)	1/3	-5
1	113	113/3	1/3	True	C#3	49	left	(7.0, 0.0)	0	-1
1	114	38.0	1/3	True	E-2	39	left	(-6.0, 0.0)	0.3333333333333357	-5
1	114	38.0	1/3	True	E-3	51	left	(7.0, 0.0)	0.0	-1
1	115	115/3	1/3	True	C#2	37	left	(-8.0, 0.0)	0.3333333333333357	-5
1	115	115/3	1/3	True	C#3	49	left	(7.0, 0.0)	0	-1
1	116	116/3	1/3	True	E-2	39	left	(-6.0, 0.0)	1/3	-5
1	116	116/3	1/3	True	E-3	51	left	(7.0, 0.0)	0	-1
1	117	39.0	1/3	True	C#2	37	left	(-8.0, 0.0)	0.3333333333333357	-5
1	117	39.0	1/3	True	C#3	49	left	(7.0, 0.0)	0.0	-1
1	118	118/3	1/3	True	E-2	39	left	(-6.0, 0.0)	0.3333333333333357	-5
1	118	118/3	1/3	True	E-3	51	left	(7.0, 0.0)	0	-1
1	119	119/3	1/3	True	C#2	37	left	(-8.0, 0.0)	1/3	-5
1	119	119/3	1/3	True	C#3	49	left	(7.0, 0.0)	0	-1
1	120	40.0	1/3	True	B#1	36	left	(-8.0, 0.0)	0.3333333333333357	-5
1	120	40.0	1/3	True	B#2	48	left	(7.0, 0.0)	0.0	-1
1	121	121/3	1/3	True	G#1	32	left	(-9.0, 0.0)	0.3333333333333357	-5
1	121	121/3	1/3	True	G#2	44	left	(7.0, 0.0)	0	-1
1	122	122/3	1/3	True	B#1	36	left	(-5.0, 0.0)	1/3	-5
1	122	122/3	1/3	True	B#2	48	left	(7.0, 0.0)	0	-1
1	123	41.0	1/3	True	G#1	32	left	(-9.0, 0.0)	0.3333333333333357	-5
1	123	41.0	1/3	True	G#2	44	left	(7.0, 0.0)	0.0	-1
1	124	124/3	1/3	True	B#1	36	left	(-5.0, 0.0)	0.3333333333333357	-5
1	124	124/3	1/3	True	B#2	48	left	(7.0, 0.0)	0	-1
1	125	125/3	1/3	True	D#2	39	left	(-5.0, 0.0)	1/3	-5
1	125	125/3	1/3	True	D#3	51	left	(7.0, 0.0)	0	-1
1	126	42.0	1/3	True	G2	43	left	(-4.0, -1.0)	0.3333333333333357	-5
1	126	42.0	1/3	True	G3	55	left	(7.0, 0.0)	0.0	-1
1	127	127/3	1/3	True	D#2	39	left	(-10.0, 1.0)	0.3333333333333357	-5
1	127	127/3	1/3	True	D#3	51	left	(7.0, 0.0)	0	-1
1	128	128/3	1/3	True	G#2	44	left	(-4.0, 0.0)	1/3	-5
1	128	128/3	1/3	True	G#3	56	left	(7.0, 0.0)	0	-1
1	129	43.0	1/3	True	G#2	44	left	(-7.0, 0.0)	0.3333333333333357	-5
1	129	43.0	1/3	True	G#3	56	left	(7.0, 0.0)	0.0	-1
1	130	130/3	1/3	True	G2	43	left	(-7.0, -1.0)	0.3333333333333357	-5
1	130	130/3	1/3	True	G3	55	left	(7.0, 0.0)	0	-1
1	131	131/3	1/3	True	D#2	39	left	(-10.0, 1.0)	1/3	-5
1	131	131/3	1/3	True	D#3	51	left	(7.0, 0.0)	0	-1
1	132	44.0	1/3	True	B#1	36	left	(-9.0, 0.0)	0.3333333333333357	-5
1	132	44.0	1/3	True	B#2	48	left	(7.0, 0.0)	0.0	-1
1	133	133/3	1/3	True	G#1	32	left	(-9.0, 0.0)	0.3333333333333357	-5
1	133	133/3	1/3	True	G#2	44	left	(7.0, 0.0)	0	-1
1	134	134/3	1/3	True	B#1	36	left	(-5.0, 0.0)	1/3	-5
1	134	134/3	1/3	True	B#2	48	left	(7.0, 0.0)	0	-1
1	135	45.0	1/3	True	G#1	32	left	(-9.0, 0.0)	0.3333333333333357	-5
1	135	45.0	1/3	True	G#2	44	left	(7.0, 0.0)	0.0	-1
1	136	136/3	1/3	True	B#1	36	left	(-5.0, 0.0)	0.3333333333333357	-5
1	136	136/3	1/3	True	B#2	48	left	(7.0, 0.0)	0	-1
1	137	137/3	1/3	True	D#2	39	left	(-5.0, 0.0)	1/3	-5
1	137	137/3	1/3	True	D#3	51	left	(7.0, 0.0)	0	-1
1	138	46.0	1/3	True	G2	43	left	(-4.0, -1.0)	0.3333333333333357	-5
1	138	46.0	1/3	True	G3	55	left	(7.0, 0.0)	0.0	-1
1	139	139/3	1/3	True	D#2	39	left	(-10.0, 1.0)	0.3333333333333357	-5
1	139	139/3	1/3	True	D#3	51	left	(7.0, 0.0)	0	-1
1	140	140/3	1/3	True	G#2	44	left	(-4.0, 0.0)	1/3	-5
1	140	140/3	1/3	True	G#3	56	left	(7.0, 0.0)	0	-1
1	141	47.0	1/3	True	G#2	44	left	(-7.0, 0.0)	0.3333333333333357	-5
1	141	47.0	1/3	True	G#3	56	left	(7.0, 0.0)	0.0	-1
1	142	142/3	1/3	True	G2	43	left	(-7.0, -1.0)	0.3333333333333357	-5
1	142	142/3	1/3	True	G3	55	left	(7.0, 0.0)	0	-1
1	143	143/3	1/3	True	D#2	39	left	(-10.0, 1.0)	1/3	-5
1	143	143/3	1/3	True	D#3	51	left	(7.0, 0.0)	0	-1
1	144	48.0	1/3	True	E2	40	left	(-6.0, -1.0)	0.3333333333333357	-5
1	144	48.0	1/3	True	E3	52	left	(7.0, 0.0)	0.0	-1
1	145	145/3	1/3	True	D2	38	left	(-8.0, 0.0)	0.3333333333333357	-5
1	145	145/3	1/3	True	D3	50	left	(7.0, 0.0)	0	-1
1	146	146/3	1/3	True	E2	40	left	(-6.0, 0.0)	1/3	-5
1	146	146/3	1/3	True	E3	52	left	(7.0, 0.0)	0	-1
1	147	49.0	1/3	True	D2	38	left	(-8.0, 0.0)	0.3333333333333357	-5
1	147	49.0	1/3	True	D3	50	left	(7.0, 0.0)	0.0	-1
1	148	148/3	1/3	True	E2	40	left	(-6.0, 0.0)	0.3333333333333357	-5
1	148	148/3	1/3	True	E3	52	left	(7.0, 0.0)	0	-1
1	149	149/3	1/3	True	D2	38	left	(-8.0, 0.0)	1/3	-5
1	149	149/3	1/3	True	D3	50	left	(7.0, 0.0)	0	-1
1	150	50.0	1/3	True	E2	40	left	(-6.0, 0.0)	0.3333333333333357	-5
1	150	50.0	1/3	True	E3	52	left	(7.0, 0.0)	0.0	-1
1	151	151/3	1/3	True	D2	38	left	(-8.0, 0.0)	0.3333333333333357	-5
1	151	151/3	1/3	True	D3	50	left	(7.0, 0.0)	0	-1
1	152	152/3	1/3	True	E2	40	left	(-6.0, 0.0)	1/3	-5
1	152	152/3	1/3	True	E3	52	left	(7.0, 0.0)	0	-1
1	153	51.0	1/3	True	D2	38	left	(-8.0, 0.0)	0.3333333333333357	-5
1	153	51.0	1/3	True	D3	50	left	(7.0, 0.0)	0.0	-1
1	154	154/3	1/3	True	E2	40	left	(-6.0, 0.0)	0.3333333333333357	-5
1	154	154/3	1/3	True	E3	52	left	(7.0, 0.0)	0	-1
1	155	155/3	1/3	True	D2	38	left	(-8.0, 0.0)	1/3	-5
1	155	155/3	1/3	True	D3	50	left	(7.0, 0.0)	0	-1
1	156	52.0	1/3	True	E-2	39	left	(-7.0, 1.0)	0.3333333333333357	-5
1	156	52.0	1/3	True	E-3	51	left	(7.0, 0.0)	0.0	-1
1	157	157/3	1/3	True	C#2	37	left	(-8.0, 0.0)	0.3333333333333357	-5
1	157	157/3	1/3	True	C#3	49	left	(7.0, 0.0)	0	-1
1	158	158/3	1/3	True	E-2	39	left	(-6.0, 0.0)	1/3	-5
1	158	158/3	1/3	True	E-3	51	left	(7.0, 0.0)	0	-1
1	159	53.0	1/3	True	C#2	37	left	(-8.0, 0.0)	0.3333333333333357	-5
1	159	53.0	1/3	True	C#3	49	left	(7.0, 0.0)	0.0	-1
1	160	160/3	1/3	True	E-2	39	left	(-6.0, 0.0)	0.3333333333333357	-5
1	160	160/3	1/3	True	E-3	51	left	(7.0, 0.0)	0	-1
1	161	161/3	1/3	True	C#2	37	left	(-8.0, 0.0)	1/3	-5
1	161	161/3	1/3	True	C#3	49	left	(7.0, 0.0)	0	-1
1	162	54.0	1/3	True	E-2	39	left	(-6.0, 0.0)	0.3333333333333357	-5
1	162	54.0	1/3	True	E-3	51	left	(7.0, 0.0)	0.0	-1
1	163	163/3	1/3	True	C#2	37	left	(-8.0, 0.0)	0.3333333333333357	-5
1	163	163/3	1/3	True	C#3	49	left	(7.0, 0.0)	0	-1
1	164	164/3	1/3	True	E-2	39	left	(-6.0, 0.0)	1/3	-5
1	164	164/3	1/3	True	E-3	51	left	(7.0, 0.0)	0	-1
1	165	55.0	1/3	True	C#2	37	left	(-8.0, 0.0)	0.3333333333333357	-5
1	165	55.0	1/3	True	C#3	49	left	(7.0, 0.0)	0.0	-1
1	166	166/3	1/3	True	E-2	39	left	(-6.0, 0.0)	0.3333333333333357	-5
1	166	166/3	1/3	True	E-3	51	left	(7.0, 0.0)	0	-1
1	167	167/3	1/3	True	C#2	37	left	(-8.0, 0.0)	1/3	-5
1	167	167/3	1/3	True	C#3	49	left	(7.0, 0.0)	0	-1
1	168	56.0	1/3	True	B#1	36	left	(-8.0, 0.0)	0.3333333333333357	-5
1	168	56.0	1/3	True	B#2	48	left	(7.0, 0.0)	0.0	-1
1	169	169/3	1/3	True	G#1	32	left	(-9.0, 0.0)	0.3333333333333357	-5
1	169	169/3	1/3	True	G#2	44	left	(7.0, 0.0)	0	-1
1	170	170/3	1/3	True	B#1	36	left	(-5.0, 0.0)	1/3	-5
1	170	170/3	1/3	True	B#2	48	left	(7.0, 0.0)	0	-1
1	171	57.0	1/3	True	G#1	32	left	(-9.0, 0.0)	0.3333333333333357	-5
1	171	57.0	1/3	True	G#2	44	left	(7.0, 0.0)	0.0	-1
1	172	172/3	1/3	True	B#1	36	left	(-5.0, 0.0)	0.3333333333333357	-5
1	172	172/3	1/3	True	B#2	48	left	(7.0, 0.0)	0	-1
1	173	173/3	1/3	True	D#2	39	left	(-5.0, 0.0)	1/3	-5
1	173	173/3	1/3	True	D#3	51	left	(7.0, 0.0)	0	-1
1	174	58.0	1/3	True	G2	43	left	(-4.0, -1.0)	0.3333333333333357	-5
1	174	58.0	1/3	True	G3	55	left	(7.0, 0.0)	0.0	-1
1	175	175/3	1/3	True	D#2	39	left	(-10.0, 1.0)	0.3333333333333357	-5
1	175	175/3	1/3	True	D#3	51	left	(7.0, 0.0)	0	-1
1	176	176/3	1/3	True	G#2	44	left	(-4.0, 0.0)	1/3	-5
1	176	176/3	1/3	True	G#3	56	left	(7.0, 0.0)	0	-1
1	177	59.0	1/3	True	G#2	44	left	(-7.0, 0.0)	0.3333333333333357	-5
1	177	59.0	1/3	True	G#3	56	left	(7.0, 0.0)	0.0	-1
1	178	178/3	1/3	True	G2	43	left	(-7.0, -1.0)	0.3333333333333357	-5
1	178	178/3	1/3	True	G3	55	left	(7.0, 0.0)	0	-1
1	179	179/3	1/3	True	D#2	39	left	(-10.0, 1.0)	1/3	-5
1	179	179/3	1/3	True	D#3	51	left	(7.0, 0.0)	0	-1
1	180	60.0	1/3	True	B2	47	left	(-2.0, -1.0)	0.3333333333333357	-5
1	180	60.0	1/3	True	B3	59	left	(7.0, 0.0)	0.0	-1
1	181	181/3	1/3	True	G#2	44	left	(-9.0, 1.0)	0.3333333333333357	-5
1	181	181/3	1/3	True	G#3	56	left	(7.0, 0.0)	0	-1
1	182	182/3	1/3	True	B2	47	left	(-5.0, -1.0)	1/3	-5
1	182	182/3	1/3	True	B3	59	left	(7.0, 0.0)	0	-1
1	183	61.0	1/3	True	G#2	44	left	(-9.0, 1.0)	0.3333333333333357	-5
1	183	61.0	1/3	True	G#3	56	left	(7.0, 0.0)	0.0	-1
1	184	184/3	1/3	True	B2	47	left	(-5.0, -1.0)	0.3333333333333357	-5
1	184	184/3	1/3	True	B3	59	left	(7.0, 0.0)	0	-1
1	185	185/3	1/3	True	G#2	44	left	(-9.0, 1.0)	1/3	-5
1	185	185/3	1/3	True	G#3	56	left	(7.0, 0.0)	0	-1
1	186	62.0	1/3	True	B2	47	left	(-5.0, -1.0)	0.3333333333333357	-5
1	186	62.0	1/3	True	B3	59	left	(7.0, 0.0)	0.0	-1
1	187	187/3	1/3	True	G#2	44	left	(-9.0, 1.0)	0.3333333333333357	-5
1	187	187/3	1/3	True	G#3	56	left	(7.0, 0.0)	0	-1
1	188	188/3	1/3	True	B2	47	left	(-5.0, -1.0)	1/3	-5
1	188	188/3	1/3	True	B3	59	left	(7.0, 0.0)	0	-1
1	189	63.0	1/3	True	G#2	44	left	(-9.0, 1.0)	0.3333333333333357	-5
1	189	63.0	1/3	True	G#3	56	left	(7.0, 0.0)	0.0	-1
1	190	190/3	1/3	True	B2	47	left	(-5.0, -1.0)	0.3333333333333357	-5
1	190	190/3	1/3	True	B3	59	left	(7.0, 0.0)	0	-1
1	191	191/3	1/3	True	G#2	44	left	(-9.0, 1.0)	1/3	-5
1	191	191/3	1/3	True	G#3	56	left	(7.0, 0.0)	0	-1
1	192	64.0	1/3	True	B-2	46	left	(-6.0, 0.0)	0.3333333333333357	-5
1	192	64.0	1/3	True	B-3	58	left	(7.0, 0.0)	0.0	-1
1	193	193/3	1/3	True	G2	43	left	(-8.0, -1.0)	0.3333333333333286	-5
1	193	193/3	1/3	True	G3	55	left	(7.0, 0.0)	0	-1
1	194	194/3	1/3	True	B-2	46	left	(-6.0, 1.0)	1/3	-5
1	194	194/3	1/3	True	B-3	58	left	(7.0, 0.0)	0	-1
1	195	65.0	1/3	True	G2	43	left	(-8.0, -1.0)	0.3333333333333286	-5
1	195	65.0	1/3	True	G3	55	left	(7.0, 0.0)	0.0	-1
1	196	196/3	1/3	True	B-2	46	left	(-6.0, 1.0)	0.3333333333333286	-5
1	196	196/3	1/3	True	B-3	58	left	(7.0, 0.0)	0	-1
1	197	197/3	1/3	True	G2	43	left	(-8.0, -1.0)	1/3	-5
1	197	197/3	1/3	True	G3	55	left	(7.0, 0.0)	0	-1
1	198	66.0	1/3	True	B-2	46	left	(-6.0, 1.0)	0.3333333333333286	-5
1	198	66.0	1/3	True	B-3	58	left	(7.0, 0.0)	0.0	-1
1	199	199/3	1/3	True	G2	43	left	(-8.0, -1.0)	0.3333333333333286	-5
1	199	199/3	1/3	True	G3	55	left	(7.0, 0.0)	0	-1
1	200	200/3	1/3	True	B-2	46	left	(-6.0, 1.0)	1/3	-5
1	200	200/3	1/3	True	B-3	58	left	(7.0, 0.0)	0	-1
1	201	67.0	1/3	True	G2	43	left	(-8.0, -1.0)	0.3333333333333286	-5
1	201	67.0	1/3	True	G3	55	left	(7.0, 0.0)	0.0	-1
1	202	202/3	1/3	True	B-2	46	left	(-6.0, 1.0)	0.3333333333333286	-5
1	202	202/3	1/3	True	B-3	58	left	(7.0, 0.0)	0	-1
1	203	203/3	1/3	True	G2	43	left	(-8.0, -1.0)	1/3	-5
1	203	203/3	1/3	True	G3	55	left	(7.0, 0.0)	0	-1
1	204	68.0	1/3	True	B2	47	left	(-5.0, 0.0)	0.3333333333333286	-5
1	204	68.0	1/3	True	B3	59	left	(7.0, 0.0)	0.0	-1
1	205	205/3	1/3	True	E2	40	left	(-11.0, 0.0)	0.3333333333333286	-5
1	205	205/3	1/3	True	E3	52	left	(7.0, 0.0)	0	-1
1	206	206/3	1/3	True	G2	43	left	(-5.0, 0.0)	1/3	-5
1	206	206/3	1/3	True	G3	55	left	(7.0, 0.0)	0	-1
1	207	69.0	1/3	True	D2	38	left	(-10.0, 0.0)	0.3333333333333286	-5
1	207	69.0	1/3	True	D3	50	left	(7.0, 0.0)	0.0	-1
1	208	208/3	1/3	True	B1	35	left	(-9.0, 0.0)	0.3333333333333286	-5
1	208	208/3	1/3	True	B2	47	left	(7.0, 0.0)	0	-1
1	209	209/3	1/3	True	D2	38	left	(-5.0, 0.0)	1/3	-5
1	209	209/3	1/3	True	D3	50	left	(7.0, 0.0)	0	-1
1	210	70.0	1/3	True	E2	40	left	(-6.0, 0.0)	0.3333333333333286	-5
1	210	70.0	1/3	True	E3	52	left	(7.0, 0.0)	0.0	-1
1	211	211/3	1/3	True	D2	38	left	(-8.0, 0.0)	0.3333333333333286	-5
1	211	211/3	1/3	True	D3	50	left	(7.0, 0.0)	0	-1
1	212	212/3	1/3	True	G2	43	left	(-4.0, 0.0)	1/3	-5
1	212	212/3	1/3	True	G3	55	left	(7.0, 0.0)	0	-1
1	213	71.0	1/3	True	G2	43	left	(-7.0, 0.0)	0.3333333333333286	-5
1	213	71.0	1/3	True	G3	55	left	(7.0, 0.0)	0.0	-1
1	214	214/3	1/3	True	F#2	42	left	(-8.0, 1.0)	0.3333333333333286	-5
1	214	214/3	1/3	True	F#3	54	left	(7.0, 0.0)	0	-1
1	215	215/3	1/3	True	D2	38	left	(-9.0, -1.0)	1/3	-5
1	215	215/3	1/3	True	D3	50	left	(7.0, 0.0)	0	-1
1	216	72.0	1/3	True	G2	43	left	(-4.0, 0.0)	0.3333333333333286	-5
1	216	72.0	1/3	True	G3	55	left	(7.0, 0.0)	0.0	-1
1	217	217/3	1/3	True	E2	40	left	(-9.0, 0.0)	0.3333333333333286	-5
1	217	217/3	1/3	True	E3	52	left	(7.0, 0.0)	0	-1
1	218	218/3	1/3	True	G2	43	left	(-5.0, 0.0)	1/3	-5
1	218	218/3	1/3	True	G3	55	left	(7.0, 0.0)	0	-1
1	219	73.0	1/3	True	D2	38	left	(-10.0, 0.0)	0.3333333333333286	-5
1	219	73.0	1/3	True	D3	50	left	(7.0, 0.0)	0.0	-1
1	220	220/3	1/3	True	B1	35	left	(-9.0, 0.0)	0.3333333333333286	-5
1	220	220/3	1/3	True	B2	47	left	(7.0, 0.0)	0	-1
1	221	221/3	1/3	True	D2	38	left	(-5.0, 0.0)	1/3	-5
1	221	221/3	1/3	True	D3	50	left	(7.0, 0.0)	0	-1
1	222	74.0	1/3	True	E2	40	left	(-6.0, 0.0)	0.3333333333333286	-5
1	222	74.0	1/3	True	E3	52	left	(7.0, 0.0)	0.0	-1
1	223	223/3	1/3	True	D2	38	left	(-8.0, 0.0)	0.3333333333333286	-5
1	223	223/3	1/3	True	D3	50	left	(7.0, 0.0)	0	-1
1	224	224/3	1/3	True	G2	43	left	(-4.0, 0.0)	1/3	-5
1	224	224/3	1/3	True	G3	55	left	(7.0, 0.0)	0	-1
1	225	75.0	1/3	True	G2	43	left	(-7.0, 0.0)	0.3333333333333286	-5
1	225	75.0	1/3	True	G3	55	left	(7.0, 0.0)	0.0	-1
1	226	226/3	1/3	True	F#2	42	left	(-8.0, 1.0)	0.3333333333333286	-5
1	226	226/3	1/3	True	F#3	54	left	(7.0, 0.0)	0	-1
1	227	227/3	1/3	True	D2	38	left	(-9.0, -1.0)	1/3	-5
1	227	227/3	1/3	True	D3	50	left	(7.0, 0.0)	0	-1
1	228	76.0	1/3	True	B2	47	left	(-2.0, 0.0)	0.3333333333333286	-5
1	228	76.0	1/3	True	B3	59	left	(7.0, 0.0)	0.0	-1
1	229	229/3	1/3	True	G#2	44	left	(-9.0, 1.0)	0.3333333333333286	-5
1	229	229/3	1/3	True	G#3	56	left	(7.0, 0.0)	0	-1
1	230	230/3	1/3	True	B2	47	left	(-5.0, -1.0)	1/3	-5
1	230	230/3	1/3	True	B3	59	left	(7.0, 0.0)	0	-1
1	231	77.0	1/3	True	G#2	44	left	(-9.0, 1.0)	0.3333333333333286	-5
1	231	77.0	1/3	True	G#3	56	left	(7.0, 0.0)	0.0	-1
1	232	232/3	1/3	True	B2	47	left	(-5.0, -1.0)	0.3333333333333286	-5
1	232	232/3	1/3	True	B3	59	left	(7.0, 0.0)	0	-1
1	233	233/3	1/3	True	G#2	44	left	(-9.0, 1.0)	1/3	-5
1	233	233/3	1/3	True	G#3	56	left	(7.0, 0.0)	0	-1
1	234	78.0	1/3	True	B2	47	left	(-5.0, -1.0)	0.3333333333333286	-5
1	234	78.0	1/3	True	B3	59	left	(7.0, 0.0)	0.0	-1
1	235	235/3	1/3	True	G#2	44	left	(-9.0, 1.0)	0.3333333333333286	-5
1	235	235/3	1/3	True	G#3	56	left	(7.0, 0.0)	0	-1
1	236	236/3	1/3	True	B2	47	left	(-5.0, -1.0)	1/3	-5
1	236	236/3	1/3	True	B3	59	left	(7.0, 0.0)	0	-1
1	237	79.0	1/3	True	G#2	44	left	(-9.0, 1.0)	0.3333333333333286	-5
1	237	79.0	1/3	True	G#3	56	left	(7.0, 0.0)	0.0	-1
1	238	238/3	1/3	True	B2	47	left	(-5.0, -1.0)	0.3333333333333286	-5
1	238	238/3	1/3	True	B3	59	left	(7.0, 0.0)	0	-1
1	239	239/3	1/3	True	G#2	44	left	(-9.0, 1.0)	1/3	-5
1	239	239/3	1/3	True	G#3	56	left	(7.0, 0.0)	0	-1
1	240	80.0	1/3	True	B-2	46	left	(-6.0, 0.0)	0.3333333333333286	-5
1	240	80.0	1/3	True	B-3	58	left	(7.0, 0.0)	0.0	-1
1	241	241/3	1/3	True	G2	43	left	(-8.0, -1.0)	0.3333333333333286	-5
1	241	241/3	1/3	True	G3	55	left	(7.0, 0.0)	0	-1
1	242	242/3	1/3	True	B-2	46	left	(-6.0, 1.0)	1/3	-5
1	242	242/3	1/3	True	B-3	58	left	(7.0, 0.0)	0	-1
1	243	81.0	1/3	True	G2	43	left	(-8.0, -1.0)	0.3333333333333286	-5
1	243	81.0	1/3	True	G3	55	left	(7.0, 0.0)	0.0	-1
1	244	244/3	1/3	True	B-2	46	left	(-6.0, 1.0)	0.3333333333333286	-5
1	244	244/3	1/3	True	B-3	58	left	(7.0, 0.0)	0	-1
1	245	245/3	1/3	True	G2	43	left	(-8.0, -1.0)	1/3	-5
1	245	245/3	1/3	True	G3	55	left	(7.0, 0.0)	0	-1
1	246	82.0	1/3	True	B-2	46	left	(-6.0, 1.0)	0.3333333333333286	-5
1	246	82.0	1/3	True	B-3	58	left	(7.0, 0.0)	0.0	-1
1	247	247/3	1/3	True	G2	43	left	(-8.0, -1.0)	0.3333333333333286	-5
1	247	247/3	1/3	True	G3	55	left	(7.0, 0.0)	0	-1
1	248	248/3	1/3	True	B-2	46	left	(-6.0, 1.0)	1/3	-5
1	248	248/3	1/3	True	B-3	58	left	(7.0, 0.0)	0	-1
1	249	83.0	1/3	True	G2	43	left	(-8.0, -1.0)	0.3333333333333286	-5
1	249	83.0	1/3	True	G3	55	left	(7.0, 0.0)	0.0	-1
1	250	250/3	1/3	True	B-2	46	left	(-6.0, 1.0)	0.3333333333333286	-5
1	250	250/3	1/3	True	B-3	58	left	(7.0, 0.0)	0	-1
1	251	251/3	1/3	True	G2	43	left	(-8.0, -1.0)	1/3	-5
1	251	251/3	1/3	True	G3	55	left	(7.0, 0.0)	0	-1
1	252	84.0	1/3	True	B2	47	left	(-5.0, 0.0)	0.3333333333333286	-5
1	252	84.0	1/3	True	B3	59	left	(7.0, 0.0)	0.0	-1
1	253	253/3	1/3	True	F#2	42	left	(-10.0, 1.0)	0.3333333333333286	-5
1	253	253/3	1/3	True	F#3	54	left	(7.0, 0.0)	0	-1
1	254	254/3	1/3	True	B2	47	left	(-4.0, -1.0)	1/3	-5
1	254	254/3	1/3	True	B3	59	left	(7.0, 0.0)	0	-1
1	255	85.0	1/3	True	F#2	42	left	(-10.0, 1.0)	0.3333333333333286	-5
1	255	85.0	1/3	True	F#3	54	left	(7.0, 0.0)	0.0	-1
1	256	256/3	1/3	True	B2	47	left	(-4.0, -1.0)	0.3333333333333286	-5
1	256	256/3	1/3	True	B3	59	left	(7.0, 0.0)	0	-1
1	257	257/3	1/3	True	F#2	42	left	(-10.0, 1.0)	1/3	-5
1	257	257/3	1/3	True	F#3	54	left	(7.0, 0.0)	0	-1
1	258	86.0	1/3	True	B2	47	left	(-4.0, -1.0)	0.3333333333333286	-5
1	258	86.0	1/3	True	B3	59	left	(7.0, 0.0)	0.0	-1
1	259	259/3	1/3	True	F#2	42	left	(-10.0, 1.0)	0.3333333333333286	-5
1	259	259/3	1/3	True	F#3	54	left	(7.0, 0.0)	0	-1
1	260	260/3	1/3	True	B2	47	left	(-4.0, -1.0)	1/3	-5
1	260	260/3	1/3	True	B3	59	left	(7.0, 0.0)	0	-1
1	261	87.0	1/3	True	F#2	42	left	(-10.0, 1.0)	0.3333333333333286	-5
1	261	87.0	1/3	True	F#3	54	left	(7.0, 0.0)	0.0	-1
1	262	262/3	1/3	True	B2	47	left	(-4.0, -1.0)	0.3333333333333286	-5
1	262	262/3	1/3	True	B3	59	left	(7.0, 0.0)	0	-1
1	263	263/3	1/3	True	F#2	42	left	(-10.0, 1.0)	1/3	-5
1	263	263/3	1/3	True	F#3	54	left	(7.0, 0.0)	0	-1
1	264	88.0	1/3	True	F#1	30	left	(-12.0, 0.0)	0.3333333333333286	-5
1	264	88.0	1/3	True	F#2	42	left	(7.0, 0.0)	0.0	-1
1	265	265/3	1/3	True	F#2	42	left	(0.0, 0.0)	0.3333333333333286	-5
1	265	265/3	1/3	True	F#3	54	left	(7.0, 0.0)	0	-1
1	266	89.0	1/3	True	F#1	30	left	(-12.0, 0.0)	0.6666666666666714	-5
1	266	89.0	1/3	True	F#2	42	left	(7.0, 0.0)	0.0	-1
1	267	268/3	1/3	True	F#2	42	left	(0.0, 0.0)	0.3333333333333286	-5
1	267	268/3	1/3	True	F#3	54	left	(7.0, 0.0)	0	-1
1	268	90.0	1/3	True	F#1	30	left	(-12.0, 0.0)	0.6666666666666714	-5
1	268	90.0	1/3	True	F#2	42	left	(7.0, 0.0)	0.0	-1
1	269	271/3	1/3	True	F#2	42	left	(0.0, 0.0)	0.3333333333333286	-5
1	269	271/3	1/3	True	F#3	54	left	(7.0, 0.0)	0	-1
1	270	91.0	1/3	True	F#1	30	left	(-12.0, 0.0)	0.6666666666666714	-5
1	270	91.0	1/3	True	F#2	42	left	(7.0, 0.0)	0.0	-1
1	271	274/3	1/3	True	F#2	42	left	(0.0, 0.0)	0.3333333333333286	-5
1	271	274/3	1/3	True	F#3	54	left	(7.0, 0.0)	0	-1
1	272	92.0	1/3	True	F#2	42	left	(-7.0, 0.0)	0.6666666666666714	-5
1	272	92.0	1/3	True	F#3	54	left	(7.0, 0.0)	0.0	-1
1	273	277/3	1/3	True	D2	38	left	(-9.0, -1.0)	0.3333333333333286	-5
1	273	277/3	1/3	True	D3	50	left	(7.0, 0.0)	0	-1
1	274	278/3	1/3	True	F#2	42	left	(-5.0, 1.0)	1/3	-5
1	274	278/3	1/3	True	F#3	54	left	(7.0, 0.0)	0	-1
1	275	93.0	1/3	True	C#2	37	left	(-10.0, 0.0)	0.3333333333333286	-5
1	275	93.0	1/3	True	C#3	49	left	(7.0, 0.0)	0.0	-1
1	276	280/3	1/3	True	D2	38	left	(-6.0, -1.0)	0.3333333333333286	-5
1	276	280/3	1/3	True	D3	50	left	(7.0, 0.0)	0	-1
1	277	281/3	1/3	True	B1	35	left	(-9.0, 0.0)	1/3	-5
1	277	281/3	1/3	True	B2	47	left	(7.0, 0.0)	0	-1
1	278	94.0	1/3	True	F#1	30	left	(-10.0, 1.0)	0.3333333333333286	-5
1	278	94.0	1/3	True	F#2	42	left	(7.0, 0.0)	0.0	-1
1	279	283/3	1/3	True	C#1	25	left	(-10.0, 0.0)	0.3333333333333286	-5
1	279	283/3	1/3	True	C#2	37	left	(7.0, 0.0)	0	-1
1	280	284/3	1/3	True	F#1	30	left	(-4.0, 0.0)	1/3	-5
1	280	284/3	1/3	True	F#2	42	left	(7.0, 0.0)	0	-1
1	281	95.0	1/3	True	D1	26	left	(-9.0, -1.0)	0.3333333333333286	-5
1	281	95.0	1/3	True	D2	38	left	(7.0, 0.0)	0.0	-1
1	282	286/3	1/3	True	C#1	25	left	(-8.0, 1.0)	0.3333333333333286	-5
1	282	286/3	1/3	True	C#2	37	left	(7.0, 0.0)	0	-1
1	283	287/3	1/3	True	B0	23	left	(-8.0, -1.0)	1/3	-5
1	283	287/3	1/3	True	B1	35	left	(7.0, 0.0)	0	-1
1	284	96.0	1/3	True	F#1	30	left	(-3.0, 1.0)	0.3333333333333286	-5
1	284	96.0	1/3	True	F#2	42	left	(7.0, 0.0)	0.0	-1
1	285	289/3	1/3	True	D#2	39	left	(-2.0, 0.0)	0.3333333333333286	-5
1	285	289/3	1/3	True	D#3	51	left	(7.0, 0.0)	0	-1
1	286	290/3	1/3	True	B#1	36	left	(-9.0, 0.0)	1/3	-5
1	286	290/3	1/3	True	B#2	48	left	(7.0, 0.0)	0	-1
1	287	97.0	1/3	True	A1	33	left	(-8.0, -1.0)	0.3333333333333286	-5
1	287	97.0	1/3	True	A2	45	left	(7.0, 0.0)	0.0	-1
1	288	292/3	1/3	True	B#1	36	left	(-6.0, 1.0)	0.3333333333333286	-5
1	288	292/3	1/3	True	B#2	48	left	(7.0, 0.0)	0	-1
1	289	293/3	1/3	True	A1	33	left	(-8.0, -1.0)	1/3	-5
1	289	293/3	1/3	True	A2	45	left	(7.0, 0.0)	0	-1
1	290	98.0	1/3	True	F#1	30	left	(-9.0, 1.0)	0.3333333333333286	-5
1	290	98.0	1/3	True	F#2	42	left	(7.0, 0.0)	0.0	-1
1	291	295/3	1/3	True	A1	33	left	(-5.0, -1.0)	0.3333333333333286	-5
1	291	295/3	1/3	True	A2	45	left	(7.0, 0.0)	0	-1
1	292	296/3	1/3	True	B#1	36	left	(-6.0, 1.0)	1/3	-5
1	292	296/3	1/3	True	B#2	48	left	(7.0, 0.0)	0	-1
1	293	99.0	1/3	True	D#2	39	left	(-5.0, 0.0)	0.3333333333333286	-5
1	293	99.0	1/3	True	D#3	51	left	(7.0, 0.0)	0.0	-1
1	294	298/3	1/3	True	B#1	36	left	(-9.0, 0.0)	0.3333333333333286	-5
1	294	298/3	1/3	True	B#2	48	left	(7.0, 0.0)	0	-1
1	295	299/3	1/3	True	A1	33	left	(-8.0, -1.0)	1/3	-5
1	295	299/3	1/3	True	A2	45	left	(7.0, 0.0)	0	-1
1	296	100.0	1/3	True	F#2	42	left	(-2.0, 1.0)	0.3333333333333286	-5
1	296	100.0	1/3	True	F#3	54	left	(7.0, 0.0)	0.0	-1
1	297	301/3	1/3	True	D#2	39	left	(-9.0, 0.0)	0.3333333333333286	-5
1	297	301/3	1/3	True	D#3	51	left	(7.0, 0.0)	0	-1
1	298	302/3	1/3	True	B#1	36	left	(-9.0, 0.0)	1/3	-5
1	298	302/3	1/3	True	B#2	48	left	(7.0, 0.0)	0	-1
1	299	101.0	1/3	True	A1	33	left	(-8.0, -1.0)	0.3333333333333286	-5
1	299	101.0	1/3	True	A2	45	left	(7.0, 0.0)	0.0	-1
1	300	304/3	1/3	True	B#1	36	left	(-6.0, 1.0)	0.3333333333333286	-5
1	300	304/3	1/3	True	B#2	48	left	(7.0, 0.0)	0	-1
1	301	305/3	1/3	True	A1	33	left	(-8.0, -1.0)	1/3	-5
1	301	305/3	1/3	True	A2	45	left	(7.0, 0.0)	0	-1
1	302	102.0	1/3	True	F#1	30	left	(-9.0, 1.0)	0.3333333333333286	-5
1	302	102.0	1/3	True	F#2	42	left	(7.0, 0.0)	0.0	-1
1	303	307/3	1/3	True	A1	33	left	(-5.0, -1.0)	0.3333333333333286	-5
1	303	307/3	1/3	True	A2	45	left	(7.0, 0.0)	0	-1
1	304	308/3	1/3	True	B#1	36	left	(-6.0, 1.0)	1/3	-5
1	304	308/3	1/3	True	B#2	48	left	(7.0, 0.0)	0	-1
1	305	103.0	1/3	True	D#2	39	left	(-5.0, 0.0)	0.3333333333333286	-5
1	305	103.0	1/3	True	D#3	51	left	(7.0, 0.0)	0.0	-1
1	306	310/3	1/3	True	B#1	36	left	(-9.0, 0.0)	0.3333333333333286	-5
1	306	310/3	1/3	True	B#2	48	left	(7.0, 0.0)	0	-1
1	307	311/3	1/3	True	A1	33	left	(-8.0, -1.0)	1/3	-5
1	307	311/3	1/3	True	A2	45	left	(7.0, 0.0)	0	-5
1	308	104.0	1/3	True	B2	47	left	(1.0, 0.0)	0.3333333333333286	-4
1	308	104.0	1/3	True	B3	59	left	(7.0, 0.0)	0.0	-1
1	309	313/3	1/3	True	G#2	44	left	(-9.0, 1.0)	0.3333333333333286	-5
1	309	313/3	1/3	True	G#3	56	left	(7.0, 0.0)	0	-1
1	310	314/3	1/3	True	F#2	42	left	(-8.0, 0.0)	1/3	-5
1	310	314/3	1/3	True	F#3	54	left	(7.0, 0.0)	0	-1
1	311	105.0	1/3	True	D2	38	left	(-9.0, -1.0)	0.3333333333333286	-5
1	311	105.0	1/3	True	D3	50	left	(7.0, 0.0)	0.0	-1
1	312	316/3	1/3	True	F#2	42	left	(-5.0, 1.0)	0.3333333333333286	-5
1	312	316/3	1/3	True	F#3	54	left	(7.0, 0.0)	0	-1
1	313	317/3	1/3	True	C#2	37	left	(-10.0, 0.0)	1/3	-5
1	313	317/3	1/3	True	C#3	49	left	(7.0, 0.0)	0	-1
1	314	106.0	1/3	True	B1	35	left	(-8.0, -1.0)	0.3333333333333286	-5
1	314	106.0	1/3	True	B2	47	left	(7.0, 0.0)	0.0	-1
1	315	319/3	1/3	True	C#2	37	left	(-6.0, 1.0)	0.3333333333333286	-5
1	315	319/3	1/3	True	C#3	49	left	(7.0, 0.0)	0	-1
1	316	320/3	1/3	True	D2	38	left	(-6.0, -1.0)	1/3	-5
1	316	320/3	1/3	True	D3	50	left	(7.0, 0.0)	0	-1
1	317	107.0	1/3	True	F#2	42	left	(-5.0, 1.0)	0.3333333333333286	-5
1	317	107.0	1/3	True	F#3	54	left	(7.0, 0.0)	0.0	-1
1	318	322/3	1/3	True	D2	38	left	(-9.0, -1.0)	0.3333333333333286	-5
1	318	322/3	1/3	True	D3	50	left	(7.0, 0.0)	0	-1
1	319	323/3	1/3	True	C#2	37	left	(-8.0, 1.0)	1/3	-5
1	319	323/3	1/3	True	C#3	49	left	(7.0, 0.0)	0	-1
1	320	108.0	1/3	True	B2	47	left	(-1.0, -1.0)	0.3333333333333286	-5
1	320	108.0	1/3	True	B3	59	left	(7.0, 0.0)	0.0	-1
1	321	325/3	1/3	True	G#2	44	left	(-9.0, 1.0)	0.3333333333333286	-5
1	321	325/3	1/3	True	G#3	56	left	(7.0, 0.0)	0	-1
1	322	326/3	1/3	True	F#2	42	left	(-8.0, 0.0)	1/3	-5
1	322	326/3	1/3	True	F#3	54	left	(7.0, 0.0)	0	-1
1	323	109.0	1/3	True	D2	38	left	(-9.0, -1.0)	0.3333333333333286	-5
1	323	109.0	1/3	True	D3	50	left	(7.0, 0.0)	0.0	-1
1	324	328/3	1/3	True	F#2	42	left	(-5.0, 1.0)	0.3333333333333286	-5
1	324	328/3	1/3	True	F#3	54	left	(7.0, 0.0)	0	-1
1	325	329/3	1/3	True	C#2	37	left	(-10.0, 0.0)	1/3	-5
1	325	329/3	1/3	True	C#3	49	left	(7.0, 0.0)	0	-1
1	326	110.0	1/3	True	B1	35	left	(-8.0, -1.0)	0.3333333333333286	-5
1	326	110.0	1/3	True	B2	47	left	(7.0, 0.0)	0.0	-1
1	327	331/3	1/3	True	C#2	37	left	(-6.0, 1.0)	0.3333333333333286	-5
1	327	331/3	1/3	True	C#3	49	left	(7.0, 0.0)	0	-1
1	328	332/3	1/3	True	D2	38	left	(-6.0, -1.0)	1/3	-5
1	328	332/3	1/3	True	D3	50	left	(7.0, 0.0)	0	-1
1	329	111.0	1/3	True	F#2	42	left	(-5.0, 1.0)	0.3333333333333286	-5
1	329	111.0	1/3	True	F#3	54	left	(7.0, 0.0)	0.0	-1
1	330	334/3	1/3	True	D2	38	left	(-9.0, -1.0)	0.3333333333333286	-5
1	330	334/3	1/3	True	D3	50	left	(7.0, 0.0)	0	-1
1	331	335/3	1/3	True	C#2	37	left	(-8.0, 1.0)	1/3	-5
1	331	335/3	1/3	True	C#3	49	left	(7.0, 0.0)	0	-1
1	332	112.0	1/3	True	D2	38	left	(-6.0, -1.0)	0.3333333333333286	-5
1	332	112.0	1/3	True	D3	50	left	(7.0, 0.0)	0.0	-1
1	333	337/3	1/3	True	F#2	42	left	(-5.0, 1.0)	0.3333333333333286	-5
1	333	337/3	1/3	True	F#3	54	left	(7.0, 0.0)	0	-1
1	334	338/3	1/3	True	G#2	44	left	(-6.0, 0.0)	1/3	-5
1	334	338/3	1/3	True	G#3	56	left	(7.0, 0.0)	0	-1
1	335	113.0	1/3	True	C#3	49	left	(-4.0, 0.0)	0.3333333333333286	-5
1	335	113.0	1/3	True	C#4	61	left	(7.0, 0.0)	0.0	-1
1	336	340/3	1/3	True	B2	47	left	(-8.0, -1.0)	0.3333333333333286	-5
1	336	340/3	1/3	True	B3	59	left	(7.0, 0.0)	0	-1
1	337	341/3	1/3	True	G#2	44	left	(-9.0, 1.0)	1/3	-5
1	337	341/3	1/3	True	G#3	56	left	(7.0, 0.0)	0	-1
1	338	114.0	1/3	True	F#2	42	left	(-8.0, 0.0)	0.3333333333333286	-5
1	338	114.0	1/3	True	F#3	54	left	(7.0, 0.0)	0.0	-1
1	339	343/3	1/3	True	C#2	37	left	(-10.0, 0.0)	0.3333333333333286	-5
1	339	343/3	1/3	True	C#3	49	left	(7.0, 0.0)	0	-1
1	340	344/3	1/3	True	F#2	42	left	(-4.0, 0.0)	1/3	-5
1	340	344/3	1/3	True	F#3	54	left	(7.0, 0.0)	0	-1
1	341	115.0	1/3	True	F#2	42	left	(-7.0, 0.0)	0.3333333333333286	-5
1	341	115.0	1/3	True	F#3	54	left	(7.0, 0.0)	0.0	-1
1	342	346/3	1/3	True	G#2	44	left	(-6.0, 0.0)	0.3333333333333286	-5
1	342	346/3	1/3	True	G#3	56	left	(7.0, 0.0)	0	-1
1	343	347/3	1/3	True	F#2	42	left	(-8.0, 0.0)	1/3	-5
1	343	347/3	1/3	True	F#3	54	left	(7.0, 0.0)	0	-1
1	344	116.0	1/3	True	D2	38	left	(-9.0, -1.0)	0.3333333333333286	-5
1	344	116.0	1/3	True	D3	50	left	(7.0, 0.0)	0.0	-1
1	346	350/3	1/3	True	G#1	32	left	(-11.0, 1.0)	0.6666666666666714	-5
1	346	350/3	1/3	True	G#2	44	left	(7.0, 0.0)	0	-1
1	347	117.0	1/3	True	C#2	37	left	(-4.0, 0.0)	0.3333333333333286	-5
1	347	117.0	1/3	True	C#3	49	left	(7.0, 0.0)	0.0	-1
1	348	352/3	1/3	True	B1	35	left	(-8.0, -1.0)	0.3333333333333286	-5
1	348	352/3	1/3	True	B2	47	left	(7.0, 0.0)	0	-1
1	349	353/3	1/3	True	G#1	32	left	(-9.0, 1.0)	1/3	-5
1	349	353/3	1/3	True	G#2	44	left	(7.0, 0.0)	0	-1
1	350	118.0	1/3	True	F#1	30	left	(-8.0, 0.0)	0.3333333333333286	-5
1	350	118.0	1/3	True	F#2	42	left	(7.0, 0.0)	0.0	-1
1	351	355/3	1/3	True	C#1	25	left	(-10.0, 0.0)	0.3333333333333286	-5
1	351	355/3	1/3	True	C#2	37	left	(7.0, 0.0)	0	-1
1	352	356/3	1/3	True	F#1	30	left	(-4.0, 0.0)	1/3	-5
1	352	356/3	1/3	True	F#2	42	left	(7.0, 0.0)	0	-1
1	353	119.0	1/3	True	F#1	30	left	(-7.0, 0.0)	0.3333333333333286	-5
1	353	119.0	1/3	True	F#2	42	left	(7.0, 0.0)	0.0	-1
1	354	358/3	1/3	True	C#1	25	left	(-10.0, 0.0)	0.3333333333333286	-5
1	354	358/3	1/3	True	C#2	37	left	(7.0, 0.0)	0	-1
1	355	359/3	1/3	True	D1	26	left	(-6.0, -1.0)	1/3	-5
1	355	359/3	1/3	True	D2	38	left	(7.0, 0.0)	0	-1
1	356	120.0	2.0	True	F#1	30	left	(-5.0, 1.0)	0.3333333333333286	-5
1	356	120.0	2.0	True	F#2	42	left	(7.0, 0.0)	0.0	-1
